name,series,family,description,location,region,regionLocation,regionLocationLong,regionLocationCountryCode,regionCfe,regionCo2Kwh,regionLowCo2,regionLat,regionLng,regionPublicIpv4Addr,zoneCount,zones,vCpus,sharedCpu,intel,amd,arm,cpuPlatformCount,cpuPlatform,cpuBaseClock,cpuTurboClock,cpuSingleMaxTurboClock,availableCpuPlatformCount,availableCpuPlatform,coremarkScore,standardDeviation,sampleCount,memoryGB,acceleratorCount,acceleratorType,disks,disksSizeGb,localSsd,bandwidth,tier1,sap,saps,hana,sud,spot,hour,hourSpot,month,month1yCud,month3yCud,monthSpot,monthSles,monthSlesSap,monthSlesSap1yCud,monthSlesSap3yCud,monthRhel,monthRhel1yCud,monthRhel3yCud,monthRhelSap,monthRhelSap1yCud,monthRhelSap3yCud,monthWindows
a2-highgpu-1g,a2,Accelerator-optimized,"Accelerator Optimized: 1 NVIDIA Tesla A100 GPU, 12 vCPUs, 85GB RAM",us,us-east1,"South Carolina","Moncks Corner, South Carolina, USA",US,31.0,575.77,0.0,33.8361,-81.1637,1349888.0,1.0,us-east1-b,12.0,0,1.0,0.0,0.0,1.0,"Intel Cascade Lake",2.2,2.9,3.7,1.0,"Intel Cascade Lake",171520.0,0.45,4.0,85.0,1.0,"NVIDIA A100 40GB",128.0,263168.0,1.0,24.0,0.0,0.0,"",0.0,0.0,1.0,3.673385,2.12081,2681.57105,1689.3711392,938.56707798,1548.1913,80.3,299.3,119.939,107.748,94.608,94.608,94.608,142.35,142.35,142.35,402.96
a2-highgpu-2g,a2,Accelerator-optimized,"Accelerator Optimized: 2 NVIDIA Tesla A100 GPUs, 24 vCPUs, 170GB RAM",us,us-east1,"South Carolina","Moncks Corner, South Carolina, USA",US,31.0,575.77,0.0,33.8361,-81.1637,1349888.0,1.0,us-east1-b,24.0,0,1.0,0.0,0.0,1.0,"Intel Cascade Lake",2.2,2.9,3.7,1.0,"Intel Cascade Lake",359881.0,0.33,4.0,170.0,2.0,"NVIDIA A100 40GB",128.0,263168.0,1.0,32.0,0.0,0.0,"",0.0,0.0,1.0,7.34677,4.24162,5363.1421,3378.7422784,1877.13415596,3096.3826,80.3,299.3,119.939,107.748,189.216,189.216,189.216,284.7,284.7,284.7,805.92
a2-highgpu-4g,a2,Accelerator-optimized,"Accelerator Optimized: 4 NVIDIA Tesla A100 GPUs, 48 vCPUs, 340GB RAM",us,us-east1,"South Carolina","Moncks Corner, South Carolina, USA",US,31.0,575.77,0.0,33.8361,-81.1637,1349888.0,1.0,us-east1-b,48.0,0,1.0,0.0,0.0,1.0,"Intel Cascade Lake",2.2,2.9,3.7,1.0,"Intel Cascade Lake",646934.0,0.27,4.0,340.0,4.0,"NVIDIA A100 40GB",128.0,524288.0,1.0,50.0,0.0,0.0,"",0.0,0.0,1.0,14.69354,8.48324,10726.2842,6757.4845568,3754.26831192,6192.7652,80.3,299.3,119.939,107.748,378.432,378.432,378.432,569.4,569.4,569.4,1611.84
a2-highgpu-8g,a2,Accelerator-optimized,"Accelerator Optimized: 8 NVIDIA Tesla A100 GPUs, 96 vCPUs, 680GB RAM",us,us-east1,"South Carolina","Moncks Corner, South Carolina, USA",US,31.0,575.77,0.0,33.8361,-81.1637,1349888.0,1.0,us-east1-b,96.0,0,1.0,0.0,0.0,1.0,"Intel Cascade Lake",2.2,2.9,3.7,1.0,"Intel Cascade Lake",1269327.0,0.76,8.0,680.0,8.0,"NVIDIA A100 40GB",128.0,524288.0,1.0,100.0,0.0,0.0,"",0.0,0.0,1.0,29.38708,16.96648,21452.5684,13514.9691136,7508.53662384,12385.5304,80.3,299.3,119.939,107.748,756.864,756.864,756.864,1138.8,1138.8,1138.8,3223.68
c2-standard-16,c2,Compute-optimized,"Compute Optimized: 16 vCPUs, 64 GB RAM",us,us-east1,"South Carolina","Moncks Corner, South Carolina, USA",US,31.0,575.77,0.0,33.8361,-81.1637,1349888.0,3.0,"us-east1-b, us-east1-c, us-east1-d",16.0,0,1.0,0.0,0.0,1.0,"Intel Cascade Lake",3.1,3.8,3.9,1.0,"Intel Cascade Lake",292366.0,0.73,312.0,64.0,"","",128.0,263168.0,1.0,32.0,0.0,1.0,24160.0,0.0,1.0,1.0,0.835232,0.475744,487.897431872,384.0968,243.89008,347.29312,80.3,299.3,119.939,107.748,126.144,126.144,126.144,189.8,189.8,189.8,537.28
c2-standard-30,c2,Compute-optimized,"Compute Optimized: 30 vCPUs, 120 GB RAM",us,us-east1,"South Carolina","Moncks Corner, South Carolina, USA",US,31.0,575.77,0.0,33.8361,-81.1637,1349888.0,3.0,"us-east1-b, us-east1-c, us-east1-d",30.0,0,1.0,0.0,0.0,1.0,"Intel Cascade Lake",3.1,3.8,3.9,1.0,"Intel Cascade Lake",531709.0,1.31,168.0,120.0,"","",128.0,263168.0,1.0,32.0,50.0,1.0,45300.0,0.0,1.0,1.0,1.56606,0.89202,914.80768476,720.1815,457.2939,651.1746,80.3,299.3,119.939,107.748,236.52,236.52,236.52,355.875,355.875,355.875,1007.4
c2-standard-4,c2,Compute-optimized,"Compute Optimized: 4 vCPUs, 16 GB RAM",us,us-east1,"South Carolina","Moncks Corner, South Carolina, USA",US,31.0,575.77,0.0,33.8361,-81.1637,1349888.0,3.0,"us-east1-b, us-east1-c, us-east1-d",4.0,0,1.0,0.0,0.0,1.0,"Intel Cascade Lake",3.1,3.8,3.9,1.0,"Intel Cascade Lake",73269.0,0.65,1180.0,16.0,"","",128.0,263168.0,1.0,10.0,0.0,1.0,6040.0,0.0,1.0,1.0,0.208808,0.118936,121.974357968,96.0242,60.97252,86.82328,80.3,248.2,100.01,89.425,42.048,42.048,42.048,65.7,65.7,65.7,134.32
c2-standard-60,c2,Compute-optimized,"Compute Optimized: 60 vCPUs, 240 GB RAM",us,us-east1,"South Carolina","Moncks Corner, South Carolina, USA",US,31.0,575.77,0.0,33.8361,-81.1637,1349888.0,3.0,"us-east1-b, us-east1-c, us-east1-d",60.0,0,1.0,0.0,0.0,1.0,"Intel Cascade Lake",3.1,3.8,3.9,1.0,"Intel Cascade Lake",1060101.0,1.14,84.0,240.0,"","",128.0,524288.0,1.0,32.0,100.0,1.0,90600.0,0.0,1.0,1.0,3.13212,1.78404,1829.61536952,1440.363,914.5878,1302.3492,80.3,299.3,119.939,107.748,473.04,473.04,473.04,711.75,711.75,711.75,2014.8
c2-standard-8,c2,Compute-optimized,"Compute Optimized: 8 vCPUs, 32 GB RAM",us,us-east1,"South Carolina","Moncks Corner, South Carolina, USA",US,31.0,575.77,0.0,33.8361,-81.1637,1349888.0,3.0,"us-east1-b, us-east1-c, us-east1-d",8.0,0,1.0,0.0,0.0,1.0,"Intel Cascade Lake",3.1,3.8,3.9,1.0,"Intel Cascade Lake",146712.0,0.69,596.0,32.0,"","",128.0,263168.0,1.0,16.0,0.0,1.0,12080.0,0.0,1.0,1.0,0.417616,0.237872,243.948715936,192.0484,121.94504,173.64656,80.3,299.3,119.939,107.748,84.096,84.096,84.096,131.4,131.4,131.4,268.64
c2d-highcpu-112,c2d,Compute-optimized,"112 vCPUs, 224 GB RAM",us,us-east1,"South Carolina","Moncks Corner, South Carolina, USA",US,31.0,575.77,0.0,33.8361,-81.1637,1349888.0,3.0,"us-east1-b, us-east1-c, us-east1-d",112.0,0,0.0,1.0,0.0,1.0,"AMD Milan",2.45,2.8,3.5,1.0,"AMD Milan",2299260.0,0.37,40.0,224.0,"","",128.0,524288.0,1.0,32.0,100.0,0.0,"",0.0,0.0,1.0,4.197872,1.862112,3064.44656,1930.51712,1378.8824,1359.34176,80.3,299.3,119.939,107.748,883.008,883.008,883.008,1328.6,1328.6,1328.6,3760.96
c2d-highcpu-16,c2d,Compute-optimized,"16 vCPUs, 32 GB RAM",us,us-east1,"South Carolina","Moncks Corner, South Carolina, USA",US,31.0,575.77,0.0,33.8361,-81.1637,1349888.0,3.0,"us-east1-b, us-east1-c, us-east1-d",16.0,0,0.0,1.0,0.0,1.0,"AMD Milan",2.45,2.8,3.5,1.0,"AMD Milan",354771.0,0.79,308.0,32.0,"","",128.0,263168.0,1.0,32.0,0.0,0.0,"",0.0,0.0,1.0,0.599696,0.266016,437.77808,275.78816,196.9832,194.19168,80.3,299.3,119.939,107.748,126.144,126.144,126.144,189.8,189.8,189.8,537.28
c2d-highcpu-2,c2d,Compute-optimized,"2 vCPUs, 4 GB RAM",us,us-east1,"South Carolina","Moncks Corner, South Carolina, USA",US,31.0,575.77,0.0,33.8361,-81.1637,1349888.0,3.0,"us-east1-b, us-east1-c, us-east1-d",2.0,0,0.0,1.0,0.0,1.0,"AMD Milan",2.45,2.8,3.5,1.0,"AMD Milan",44678.0,0.74,1844.0,4.0,"","",128.0,263168.0,1.0,10.0,0.0,0.0,"",0.0,0.0,1.0,0.074962,0.033252,54.72226,34.47352,24.6229,24.27396,80.3,124.1,50.005,44.7198,21.024,21.024,21.024,32.85,32.85,32.85,67.16
c2d-highcpu-32,c2d,Compute-optimized,"32 vCPUs, 64 GB RAM",us,us-east1,"South Carolina","Moncks Corner, South Carolina, USA",US,31.0,575.77,0.0,33.8361,-81.1637,1349888.0,3.0,"us-east1-b, us-east1-c, us-east1-d",32.0,0,0.0,1.0,0.0,1.0,"AMD Milan",2.45,2.8,3.5,1.0,"AMD Milan",710036.0,0.62,160.0,64.0,"","",128.0,524288.0,1.0,32.0,50.0,0.0,"",0.0,0.0,1.0,1.199392,0.532032,875.55616,551.57632,393.9664,388.38336,80.3,299.3,119.939,107.748,252.288,252.288,252.288,379.6,379.6,379.6,1074.56
c2d-highcpu-4,c2d,Compute-optimized,"4 vCPUs, 8 GB RAM",us,us-east1,"South Carolina","Moncks Corner, South Carolina, USA",US,31.0,575.77,0.0,33.8361,-81.1637,1349888.0,3.0,"us-east1-b, us-east1-c, us-east1-d",4.0,0,0.0,1.0,0.0,1.0,"AMD Milan",2.45,2.8,3.5,1.0,"AMD Milan",86953.0,0.72,1176.0,8.0,"","",128.0,263168.0,1.0,10.0,0.0,0.0,"",0.0,0.0,1.0,0.149924,0.066504,109.44452,68.94704,49.2458,48.54792,80.3,248.2,100.01,89.425,42.048,42.048,42.048,65.7,65.7,65.7,134.32
c2d-highcpu-56,c2d,Compute-optimized,"56 vCPUs, 112 GB RAM",us,us-east1,"South Carolina","Moncks Corner, South Carolina, USA",US,31.0,575.77,0.0,33.8361,-81.1637,1349888.0,3.0,"us-east1-b, us-east1-c, us-east1-d",56.0,0,0.0,1.0,0.0,1.0,"AMD Milan",2.45,2.8,3.5,1.0,"AMD Milan",1244008.0,0.56,92.0,112.0,"","",128.0,524288.0,1.0,32.0,50.0,0.0,"",0.0,0.0,1.0,2.098936,0.931056,1532.22328,965.25856,689.4412,679.67088,80.3,299.3,119.939,107.748,441.504,441.504,441.504,664.3,664.3,664.3,1880.48
c2d-highcpu-8,c2d,Compute-optimized,"8 vCPUs, 16 GB RAM",us,us-east1,"South Carolina","Moncks Corner, South Carolina, USA",US,31.0,575.77,0.0,33.8361,-81.1637,1349888.0,3.0,"us-east1-b, us-east1-c, us-east1-d",8.0,0,0.0,1.0,0.0,1.0,"AMD Milan",2.45,2.8,3.5,1.0,"AMD Milan",177774.0,0.81,596.0,16.0,"","",128.0,263168.0,1.0,16.0,0.0,0.0,"",0.0,0.0,1.0,0.299848,0.133008,218.88904,137.89408,98.4916,97.09584,80.3,299.3,119.939,107.748,84.096,84.096,84.096,131.4,131.4,131.4,268.64
c2d-highmem-112,c2d,Compute-optimized,"112 vCPUs, 896 GB RAM",us,us-east1,"South Carolina","Moncks Corner, South Carolina, USA",US,31.0,575.77,0.0,33.8361,-81.1637,1349888.0,3.0,"us-east1-b, us-east1-c, us-east1-d",112.0,0,0.0,1.0,0.0,1.0,"AMD Milan",2.45,2.8,3.5,1.0,"AMD Milan",2294226.0,0.78,40.0,896.0,"","",128.0,524288.0,1.0,32.0,100.0,1.0,190150.0,0.0,0.0,1.0,6.85832,3.043488,5006.5736,3153.97376,2252.56976,2221.74624,80.3,299.3,119.939,107.748,883.008,883.008,883.008,1328.6,1328.6,1328.6,3760.96
c2d-highmem-16,c2d,Compute-optimized,"16 vCPUs, 128 GB RAM",us,us-east1,"South Carolina","Moncks Corner, South Carolina, USA",US,31.0,575.77,0.0,33.8361,-81.1637,1349888.0,3.0,"us-east1-b, us-east1-c, us-east1-d",16.0,0,0.0,1.0,0.0,1.0,"AMD Milan",2.45,2.8,3.5,1.0,"AMD Milan",354656.0,0.89,317.0,128.0,"","",128.0,263168.0,1.0,32.0,0.0,1.0,28343.0,0.0,0.0,1.0,0.97976,0.434784,715.2248,450.56768,321.79568,317.39232,80.3,299.3,119.939,107.748,126.144,126.144,126.144,189.8,189.8,189.8,537.28
c2d-highmem-2,c2d,Compute-optimized,"2 vCPUs, 16 GB RAM",us,us-east1,"South Carolina","Moncks Corner, South Carolina, USA",US,31.0,575.77,0.0,33.8361,-81.1637,1349888.0,3.0,"us-east1-b, us-east1-c, us-east1-d",2.0,0,0.0,1.0,0.0,1.0,"AMD Milan",2.45,2.8,3.5,1.0,"AMD Milan",44649.0,0.88,1848.0,16.0,"","",128.0,263168.0,1.0,10.0,0.0,1.0,3543.0,0.0,0.0,1.0,0.12247,0.054348,89.4031,56.32096,40.22446,39.67404,80.3,124.1,50.005,44.7198,21.024,21.024,21.024,32.85,32.85,32.85,67.16
c2d-highmem-32,c2d,Compute-optimized,"32 vCPUs, 256 GB RAM",us,us-east1,"South Carolina","Moncks Corner, South Carolina, USA",US,31.0,575.77,0.0,33.8361,-81.1637,1349888.0,3.0,"us-east1-b, us-east1-c, us-east1-d",32.0,0,0.0,1.0,0.0,1.0,"AMD Milan",2.45,2.8,3.5,1.0,"AMD Milan",709754.0,0.63,160.0,256.0,"","",128.0,524288.0,1.0,32.0,50.0,1.0,56686.0,0.0,0.0,1.0,1.95952,0.869568,1430.4496,901.13536,643.59136,634.78464,80.3,299.3,119.939,107.748,252.288,252.288,252.288,379.6,379.6,379.6,1074.56
c2d-highmem-4,c2d,Compute-optimized,"4 vCPUs, 32 GB RAM",us,us-east1,"South Carolina","Moncks Corner, South Carolina, USA",US,31.0,575.77,0.0,33.8361,-81.1637,1349888.0,3.0,"us-east1-b, us-east1-c, us-east1-d",4.0,0,0.0,1.0,0.0,1.0,"AMD Milan",2.45,2.8,3.5,1.0,"AMD Milan",86956.0,0.81,1176.0,32.0,"","",128.0,263168.0,1.0,10.0,0.0,1.0,7086.0,0.0,0.0,1.0,0.24494,0.108696,178.8062,112.64192,80.44892,79.34808,80.3,248.2,100.01,89.425,42.048,42.048,42.048,65.7,65.7,65.7,134.32
c2d-highmem-56,c2d,Compute-optimized,"56 vCPUs, 448 GB RAM",us,us-east1,"South Carolina","Moncks Corner, South Carolina, USA",US,31.0,575.77,0.0,33.8361,-81.1637,1349888.0,3.0,"us-east1-b, us-east1-c, us-east1-d",56.0,0,0.0,1.0,0.0,1.0,"AMD Milan",2.45,2.8,3.5,1.0,"AMD Milan",1242783.0,0.43,92.0,448.0,"","",128.0,524288.0,1.0,32.0,50.0,1.0,99200.0,0.0,0.0,1.0,3.42916,1.521744,2503.2868,1576.98688,1126.28488,1110.87312,80.3,299.3,119.939,107.748,441.504,441.504,441.504,664.3,664.3,664.3,1880.48
c2d-highmem-8,c2d,Compute-optimized,"8 vCPUs, 64 GB RAM",us,us-east1,"South Carolina","Moncks Corner, South Carolina, USA",US,31.0,575.77,0.0,33.8361,-81.1637,1349888.0,3.0,"us-east1-b, us-east1-c, us-east1-d",8.0,0,0.0,1.0,0.0,1.0,"AMD Milan",2.45,2.8,3.5,1.0,"AMD Milan",177882.0,0.77,596.0,64.0,"","",128.0,263168.0,1.0,16.0,0.0,1.0,14171.0,0.0,0.0,1.0,0.48988,0.217392,357.6124,225.28384,160.89784,158.69616,80.3,299.3,119.939,107.748,84.096,84.096,84.096,131.4,131.4,131.4,268.64
c2d-standard-112,c2d,Compute-optimized,"112 vCPUs, 448 GB RAM",us,us-east1,"South Carolina","Moncks Corner, South Carolina, USA",US,31.0,575.77,0.0,33.8361,-81.1637,1349888.0,3.0,"us-east1-b, us-east1-c, us-east1-d",112.0,0,0.0,1.0,0.0,1.0,"AMD Milan",2.45,2.8,3.5,1.0,"AMD Milan",2299545.0,0.58,40.0,448.0,"","",128.0,524288.0,1.0,32.0,100.0,1.0,189400.0,0.0,0.0,1.0,5.084688,2.255904,3711.82224,2338.336,1670.11152,1646.80992,80.3,299.3,119.939,107.748,883.008,883.008,883.008,1328.6,1328.6,1328.6,3760.96
c2d-standard-16,c2d,Compute-optimized,"16 vCPUs, 64 GB RAM",us,us-east1,"South Carolina","Moncks Corner, South Carolina, USA",US,31.0,575.77,0.0,33.8361,-81.1637,1349888.0,3.0,"us-east1-b, us-east1-c, us-east1-d",16.0,0,0.0,1.0,0.0,1.0,"AMD Milan",2.45,2.8,3.5,1.0,"AMD Milan",354249.0,0.88,312.0,64.0,"","",128.0,263168.0,1.0,32.0,0.0,1.0,28357.0,0.0,0.0,1.0,0.726384,0.322272,530.26032,334.048,238.58736,235.25856,80.3,299.3,119.939,107.748,126.144,126.144,126.144,189.8,189.8,189.8,537.28
c2d-standard-2,c2d,Compute-optimized,"2 vCPUs, 8 GB RAM",us,us-east1,"South Carolina","Moncks Corner, South Carolina, USA",US,31.0,575.77,0.0,33.8361,-81.1637,1349888.0,3.0,"us-east1-b, us-east1-c, us-east1-d",2.0,0,0.0,1.0,0.0,1.0,"AMD Milan",2.45,2.8,3.5,1.0,"AMD Milan",44674.0,0.74,1832.0,8.0,"","",128.0,263168.0,1.0,10.0,0.0,1.0,3545.0,0.0,0.0,1.0,0.090798,0.040284,66.28254,41.756,29.82342,29.40732,80.3,124.1,50.005,44.7198,21.024,21.024,21.024,32.85,32.85,32.85,67.16
c2d-standard-32,c2d,Compute-optimized,"32 vCPUs, 128 GB RAM",us,us-east1,"South Carolina","Moncks Corner, South Carolina, USA",US,31.0,575.77,0.0,33.8361,-81.1637,1349888.0,3.0,"us-east1-b, us-east1-c, us-east1-d",32.0,0,0.0,1.0,0.0,1.0,"AMD Milan",2.45,2.8,3.5,1.0,"AMD Milan",709399.0,0.59,160.0,128.0,"","",128.0,524288.0,1.0,32.0,50.0,1.0,56714.0,0.0,0.0,1.0,1.452768,0.644544,1060.52064,668.096,477.17472,470.51712,80.3,299.3,119.939,107.748,252.288,252.288,252.288,379.6,379.6,379.6,1074.56
c2d-standard-4,c2d,Compute-optimized,"4 vCPUs, 16 GB RAM",us,us-east1,"South Carolina","Moncks Corner, South Carolina, USA",US,31.0,575.77,0.0,33.8361,-81.1637,1349888.0,3.0,"us-east1-b, us-east1-c, us-east1-d",4.0,0,0.0,1.0,0.0,1.0,"AMD Milan",2.45,2.8,3.5,1.0,"AMD Milan",86943.0,0.79,1176.0,16.0,"","",128.0,263168.0,1.0,10.0,0.0,1.0,7089.0,0.0,0.0,1.0,0.181596,0.080568,132.56508,83.512,59.64684,58.81464,80.3,248.2,100.01,89.425,42.048,42.048,42.048,65.7,65.7,65.7,134.32
c2d-standard-56,c2d,Compute-optimized,"56 vCPUs, 224 GB RAM",us,us-east1,"South Carolina","Moncks Corner, South Carolina, USA",US,31.0,575.77,0.0,33.8361,-81.1637,1349888.0,3.0,"us-east1-b, us-east1-c, us-east1-d",56.0,0,0.0,1.0,0.0,1.0,"AMD Milan",2.45,2.8,3.5,1.0,"AMD Milan",1244451.0,0.48,92.0,224.0,"","",128.0,524288.0,1.0,32.0,50.0,1.0,99250.0,0.0,0.0,1.0,2.542344,1.127952,1855.91112,1169.168,835.05576,823.40496,80.3,299.3,119.939,107.748,441.504,441.504,441.504,664.3,664.3,664.3,1880.48
c2d-standard-8,c2d,Compute-optimized,"8 vCPUs, 32 GB RAM",us,us-east1,"South Carolina","Moncks Corner, South Carolina, USA",US,31.0,575.77,0.0,33.8361,-81.1637,1349888.0,3.0,"us-east1-b, us-east1-c, us-east1-d",8.0,0,0.0,1.0,0.0,1.0,"AMD Milan",2.45,2.8,3.5,1.0,"AMD Milan",177921.0,0.7,600.0,32.0,"","",128.0,263168.0,1.0,16.0,0.0,1.0,14179.0,0.0,0.0,1.0,0.363192,0.161136,265.13016,167.024,119.29368,117.62928,80.3,299.3,119.939,107.748,84.096,84.096,84.096,131.4,131.4,131.4,268.64
c3-highcpu-176,c3,General-purpose,"176 vCPUs, 352 GB RAM",us,us-east1,"South Carolina","Moncks Corner, South Carolina, USA",US,31.0,575.77,0.0,33.8361,-81.1637,1349888.0,3.0,"us-east1-b, us-east1-c, us-east1-d",176.0,0,1.0,0.0,0.0,1.0,"Intel Sapphire Rapids",1.9,3.0,3.3,1.0,"Intel Sapphire Rapids",3388373.0,0.62,28.0,352.0,"","",128.0,524288.0,0.0,100.0,200.0,0.0,"",0.0,0.0,1.0,7.484576,2.440768,5463.74048,3442.23616,2458.72176,1781.76064,80.3,299.3,119.939,107.748,1233.408,1233.408,1233.408,1927.2,1927.2,1927.2,5910.08
c3-highcpu-192-metal,c3,General-purpose,"Compute Optimized Bare Metal: 192 vCPUs, 512 GB RAM",us,us-east1,"South Carolina","Moncks Corner, South Carolina, USA",US,31.0,575.77,0.0,33.8361,-81.1637,1349888.0,3.0,"us-east1-b, us-east1-c, us-east1-d",192.0,0,1.0,0.0,0.0,1.0,"Intel Sapphire Rapids",1.9,3.0,3.3,1.0,"Intel Sapphire Rapids","","","",512.0,"","",128.0,524288.0,0.0,100.0,200.0,0.0,"",0.0,0.0,1.0,8.669056,2.827008,6328.41088,3986.99136,2847.8176,2063.71584,80.3,299.3,119.939,107.748,1345.536,1345.536,1345.536,2102.4,2102.4,2102.4,6447.36
c3-highcpu-22,c3,General-purpose,"22 vCPUs, 44 GB RAM",us,us-east1,"South Carolina","Moncks Corner, South Carolina, USA",US,31.0,575.77,0.0,33.8361,-81.1637,1349888.0,3.0,"us-east1-b, us-east1-c, us-east1-d",22.0,0,1.0,0.0,0.0,1.0,"Intel Sapphire Rapids",1.9,3.0,3.3,1.0,"Intel Sapphire Rapids",441164.0,0.29,224.0,44.0,"","",128.0,263168.0,0.0,23.0,0.0,0.0,"",0.0,0.0,1.0,0.935572,0.305096,682.96756,430.27952,307.34022,222.72008,80.3,299.3,119.939,107.748,173.448,173.448,173.448,260.975,260.975,260.975,738.76
c3-highcpu-4,c3,General-purpose,"4 vCPUs, 8 GB RAM",us,us-east1,"South Carolina","Moncks Corner, South Carolina, USA",US,31.0,575.77,0.0,33.8361,-81.1637,1349888.0,3.0,"us-east1-b, us-east1-c, us-east1-d",4.0,0,1.0,0.0,0.0,1.0,"Intel Sapphire Rapids",1.9,3.0,3.3,1.0,"Intel Sapphire Rapids",80641.0,0.47,1176.0,8.0,"","",128.0,263168.0,0.0,23.0,0.0,0.0,"",0.0,0.0,1.0,0.170104,0.055472,124.17592,78.23264,55.88004,40.49456,80.3,248.2,100.01,89.425,42.048,42.048,42.048,65.7,65.7,65.7,134.32
c3-highcpu-44,c3,General-purpose,"44 vCPUs, 88 GB RAM",us,us-east1,"South Carolina","Moncks Corner, South Carolina, USA",US,31.0,575.77,0.0,33.8361,-81.1637,1349888.0,3.0,"us-east1-b, us-east1-c, us-east1-d",44.0,0,1.0,0.0,0.0,1.0,"Intel Sapphire Rapids",1.9,3.0,3.3,1.0,"Intel Sapphire Rapids",880832.0,0.87,112.0,88.0,"","",128.0,524288.0,0.0,32.0,50.0,0.0,"",0.0,0.0,1.0,1.871144,0.610192,1365.93512,860.55904,614.68044,445.44016,80.3,299.3,119.939,107.748,346.896,346.896,346.896,521.95,521.95,521.95,1477.52
c3-highcpu-8,c3,General-purpose,"8 vCPUs, 16 GB RAM",us,us-east1,"South Carolina","Moncks Corner, South Carolina, USA",US,31.0,575.77,0.0,33.8361,-81.1637,1349888.0,3.0,"us-east1-b, us-east1-c, us-east1-d",8.0,0,1.0,0.0,0.0,1.0,"Intel Sapphire Rapids",1.9,3.0,3.3,1.0,"Intel Sapphire Rapids",160329.0,0.48,600.0,16.0,"","",128.0,263168.0,0.0,23.0,0.0,0.0,"",0.0,0.0,1.0,0.340208,0.110944,248.35184,156.46528,111.76008,80.98912,80.3,299.3,119.939,107.748,84.096,84.096,84.096,131.4,131.4,131.4,268.64
c3-highcpu-88,c3,General-purpose,"88 vCPUs, 176 GB RAM",us,us-east1,"South Carolina","Moncks Corner, South Carolina, USA",US,31.0,575.77,0.0,33.8361,-81.1637,1349888.0,3.0,"us-east1-b, us-east1-c, us-east1-d",88.0,0,1.0,0.0,0.0,1.0,"Intel Sapphire Rapids",1.9,3.0,3.3,1.0,"Intel Sapphire Rapids",1696613.0,1.07,56.0,176.0,"","",128.0,524288.0,0.0,62.0,100.0,0.0,"",0.0,0.0,1.0,3.742288,1.220384,2731.87024,1721.11808,1229.36088,890.88032,80.3,299.3,119.939,107.748,693.792,693.792,693.792,1043.9,1043.9,1043.9,2955.04
c3-highmem-176,c3,General-purpose,"176 vCPUs, 1408 GB RAM",us,us-east1,"South Carolina","Moncks Corner, South Carolina, USA",US,31.0,575.77,0.0,33.8361,-81.1637,1349888.0,3.0,"us-east1-b, us-east1-c, us-east1-d",176.0,0,1.0,0.0,0.0,1.0,"Intel Sapphire Rapids",1.9,3.0,3.3,1.0,"Intel Sapphire Rapids",3347332.0,1.44,56.0,1408.0,"","",128.0,524288.0,0.0,100.0,200.0,1.0,271550.0,1.0,0.0,1.0,11.643104,3.796672,8499.46592,5354.78944,3824.72112,2771.57056,80.3,299.3,119.939,107.748,1233.408,1233.408,1233.408,1927.2,1927.2,1927.2,5910.08
c3-highmem-192-metal,c3,General-purpose,"Compute Optimized Bare Metal: 192 vCPUs, 1.5 TB RAM",us,us-east1,"South Carolina","Moncks Corner, South Carolina, USA",US,31.0,575.77,0.0,33.8361,-81.1637,1349888.0,3.0,"us-east1-b, us-east1-c, us-east1-d",192.0,0,1.0,0.0,0.0,1.0,"Intel Sapphire Rapids",1.9,3.0,3.3,1.0,"Intel Sapphire Rapids","","","",1536.0,"","",128.0,524288.0,0.0,100.0,200.0,1.0,"",1.0,0.0,1.0,12.701568,4.141824,9272.14464,5841.58848,4172.42304,3023.53152,80.3,299.3,119.939,107.748,1345.536,1345.536,1345.536,2102.4,2102.4,2102.4,6447.36
c3-highmem-22,c3,General-purpose,"22 vCPUs, 176 GB RAM",us,us-east1,"South Carolina","Moncks Corner, South Carolina, USA",US,31.0,575.77,0.0,33.8361,-81.1637,1349888.0,3.0,"us-east1-b, us-east1-c, us-east1-d",22.0,0,1.0,0.0,0.0,1.0,"Intel Sapphire Rapids",1.9,3.0,3.3,1.0,"Intel Sapphire Rapids",441229.0,0.21,252.0,176.0,"","",128.0,263168.0,0.0,23.0,0.0,1.0,41580.0,0.0,0.0,1.0,1.455388,0.474584,1062.43324,669.34868,478.09014,346.44632,80.3,299.3,119.939,107.748,173.448,173.448,173.448,260.975,260.975,260.975,738.76
c3-highmem-4,c3,General-purpose,"4 vCPUs, 32 GB RAM",us,us-east1,"South Carolina","Moncks Corner, South Carolina, USA",US,31.0,575.77,0.0,33.8361,-81.1637,1349888.0,3.0,"us-east1-b, us-east1-c, us-east1-d",4.0,0,1.0,0.0,0.0,1.0,"Intel Sapphire Rapids",1.9,3.0,3.3,1.0,"Intel Sapphire Rapids",80742.0,0.44,1200.0,32.0,"","",128.0,263168.0,0.0,23.0,0.0,1.0,7840.0,0.0,0.0,1.0,0.264616,0.086288,193.16968,121.69976,86.92548,62.99024,80.3,248.2,100.01,89.425,42.048,42.048,42.048,65.7,65.7,65.7,134.32
c3-highmem-44,c3,General-purpose,"44 vCPUs, 352 GB RAM",us,us-east1,"South Carolina","Moncks Corner, South Carolina, USA",US,31.0,575.77,0.0,33.8361,-81.1637,1349888.0,3.0,"us-east1-b, us-east1-c, us-east1-d",44.0,0,1.0,0.0,0.0,1.0,"Intel Sapphire Rapids",1.9,3.0,3.3,1.0,"Intel Sapphire Rapids",877637.0,1.12,136.0,352.0,"","",128.0,524288.0,0.0,32.0,50.0,1.0,76150.0,1.0,0.0,1.0,2.910776,0.949168,2124.86648,1338.69736,956.18028,692.89264,80.3,299.3,119.939,107.748,346.896,346.896,346.896,521.95,521.95,521.95,1477.52
c3-highmem-8,c3,General-purpose,"8 vCPUs, 64 GB RAM",us,us-east1,"South Carolina","Moncks Corner, South Carolina, USA",US,31.0,575.77,0.0,33.8361,-81.1637,1349888.0,3.0,"us-east1-b, us-east1-c, us-east1-d",8.0,0,1.0,0.0,0.0,1.0,"Intel Sapphire Rapids",1.9,3.0,3.3,1.0,"Intel Sapphire Rapids",160478.0,0.29,612.0,64.0,"","",128.0,263168.0,0.0,23.0,0.0,1.0,15680.0,0.0,0.0,1.0,0.529232,0.172576,386.33936,243.39952,173.85096,125.98048,80.3,299.3,119.939,107.748,84.096,84.096,84.096,131.4,131.4,131.4,268.64
c3-highmem-88,c3,General-purpose,"88 vCPUs, 704 GB RAM",us,us-east1,"South Carolina","Moncks Corner, South Carolina, USA",US,31.0,575.77,0.0,33.8361,-81.1637,1349888.0,3.0,"us-east1-b, us-east1-c, us-east1-d",88.0,0,1.0,0.0,0.0,1.0,"Intel Sapphire Rapids",1.9,3.0,3.3,1.0,"Intel Sapphire Rapids",1689147.0,1.48,72.0,704.0,"","",128.0,524288.0,0.0,62.0,100.0,1.0,142420.0,1.0,0.0,1.0,5.821552,1.898336,4249.73296,2677.39472,1912.36056,1385.78528,80.3,299.3,119.939,107.748,693.792,693.792,693.792,1043.9,1043.9,1043.9,2955.04
c3-standard-176,c3,General-purpose,"176 vCPUs, 704 GB RAM",us,us-east1,"South Carolina","Moncks Corner, South Carolina, USA",US,31.0,575.77,0.0,33.8361,-81.1637,1349888.0,3.0,"us-east1-b, us-east1-c, us-east1-d",176.0,0,1.0,0.0,0.0,1.0,"Intel Sapphire Rapids",1.9,3.0,3.3,1.0,"Intel Sapphire Rapids",3377967.0,0.91,484.0,704.0,"","",128.0,524288.0,0.0,100.0,200.0,1.0,270320.0,0.0,0.0,1.0,8.870752,2.892736,6475.64896,4079.75392,2914.05488,2111.69728,80.3,299.3,119.939,107.748,1233.408,1233.408,1233.408,1927.2,1927.2,1927.2,5910.08
c3-standard-176-lssd,c3,General-purpose,"176 vCPUs, 704 GB RAM, 32 local SSDs",us,us-east1,"South Carolina","Moncks Corner, South Carolina, USA",US,31.0,575.77,0.0,33.8361,-81.1637,1349888.0,3.0,"us-east1-b, us-east1-c, us-east1-d",176.0,0,1.0,0.0,0.0,1.0,"Intel Sapphire Rapids",1.9,3.0,3.3,1.0,"Intel Sapphire Rapids","","","",704.0,"","",128.0,524288.0,1.0,100.0,200.0,0.0,"",0.0,0.0,1.0,10.1858204931507,3.68177709589041,7435.64896,4684.55392,3346.05488,2687.69728,80.3,299.3,119.939,107.748,1233.408,1233.408,1233.408,1927.2,1927.2,1927.2,5910.08
c3-standard-192-metal,c3,General-purpose,"Compute Optimized Bare Metal: 192 vCPUs, 768 GB RAM",us,us-east1,"South Carolina","Moncks Corner, South Carolina, USA",US,31.0,575.77,0.0,33.8361,-81.1637,1349888.0,3.0,"us-east1-b, us-east1-c, us-east1-d",192.0,0,1.0,0.0,0.0,1.0,"Intel Sapphire Rapids",1.9,3.0,3.3,1.0,"Intel Sapphire Rapids","","","",768.0,"","",128.0,524288.0,0.0,100.0,200.0,1.0,"",0.0,0.0,1.0,9.677184,3.155712,7064.34432,4450.64064,3178.96896,2303.66976,80.3,299.3,119.939,107.748,1345.536,1345.536,1345.536,2102.4,2102.4,2102.4,6447.36
c3-standard-22,c3,General-purpose,"22 vCPUs, 88 GB RAM",us,us-east1,"South Carolina","Moncks Corner, South Carolina, USA",US,31.0,575.77,0.0,33.8361,-81.1637,1349888.0,3.0,"us-east1-b, us-east1-c, us-east1-d",22.0,0,1.0,0.0,0.0,1.0,"Intel Sapphire Rapids",1.9,3.0,3.3,1.0,"Intel Sapphire Rapids",440662.0,0.34,252.0,88.0,"","",128.0,263168.0,0.0,23.0,0.0,1.0,41720.0,0.0,0.0,1.0,1.108844,0.361592,809.45612,509.96924,364.25686,263.96216,80.3,299.3,119.939,107.748,173.448,173.448,173.448,260.975,260.975,260.975,738.76
c3-standard-22-lssd,c3,General-purpose,"22 vCPUs, 88 GB RAM, 4 local SSDs",us,us-east1,"South Carolina","Moncks Corner, South Carolina, USA",US,31.0,575.77,0.0,33.8361,-81.1637,1349888.0,3.0,"us-east1-b, us-east1-c, us-east1-d",22.0,0,1.0,0.0,0.0,1.0,"Intel Sapphire Rapids",1.9,3.0,3.3,1.0,"Intel Sapphire Rapids","","","",88.0,"","",128.0,263168.0,1.0,23.0,0.0,0.0,"",0.0,0.0,1.0,1.27322756164384,0.460222136986301,929.45612,585.56924,418.25686,335.96216,80.3,299.3,119.939,107.748,173.448,173.448,173.448,260.975,260.975,260.975,738.76
c3-standard-4,c3,General-purpose,"4 vCPUs, 16 GB RAM",us,us-east1,"South Carolina","Moncks Corner, South Carolina, USA",US,31.0,575.77,0.0,33.8361,-81.1637,1349888.0,3.0,"us-east1-b, us-east1-c, us-east1-d",4.0,0,1.0,0.0,0.0,1.0,"Intel Sapphire Rapids",1.9,3.0,3.3,1.0,"Intel Sapphire Rapids",80609.0,0.39,1180.0,16.0,"","",128.0,263168.0,0.0,23.0,0.0,1.0,7835.0,0.0,0.0,1.0,0.201608,0.065744,147.17384,92.72168,66.22852,47.99312,80.3,248.2,100.01,89.425,42.048,42.048,42.048,65.7,65.7,65.7,134.32
c3-standard-4-lssd,c3,General-purpose,"4 vCPUs, 16 GB RAM, 1 local SSD",us,us-east1,"South Carolina","Moncks Corner, South Carolina, USA",US,31.0,575.77,0.0,33.8361,-81.1637,1349888.0,3.0,"us-east1-b, us-east1-c, us-east1-d",4.0,0,1.0,0.0,0.0,1.0,"Intel Sapphire Rapids",1.9,3.0,3.3,1.0,"Intel Sapphire Rapids","","","",16.0,"","",128.0,263168.0,1.0,23.0,0.0,0.0,"",0.0,0.0,1.0,0.242703890410959,0.0904015342465753,177.17384,111.62168,79.72852,65.99312,80.3,248.2,100.01,89.425,42.048,42.048,42.048,65.7,65.7,65.7,134.32
c3-standard-44,c3,General-purpose,"44 vCPUs, 176 GB RAM",us,us-east1,"South Carolina","Moncks Corner, South Carolina, USA",US,31.0,575.77,0.0,33.8361,-81.1637,1349888.0,3.0,"us-east1-b, us-east1-c, us-east1-d",44.0,0,1.0,0.0,0.0,1.0,"Intel Sapphire Rapids",1.9,3.0,3.3,1.0,"Intel Sapphire Rapids",878867.0,0.8,612.0,176.0,"","",128.0,524288.0,0.0,32.0,50.0,0.0,"",1.0,0.0,1.0,2.217688,0.723184,1618.91224,1019.93848,728.51372,527.92432,80.3,299.3,119.939,107.748,346.896,346.896,346.896,521.95,521.95,521.95,1477.52
c3-standard-44-lssd,c3,General-purpose,"44 vCPUs, 176 GB RAM, 8 local SSDs",us,us-east1,"South Carolina","Moncks Corner, South Carolina, USA",US,31.0,575.77,0.0,33.8361,-81.1637,1349888.0,3.0,"us-east1-b, us-east1-c, us-east1-d",44.0,0,1.0,0.0,0.0,1.0,"Intel Sapphire Rapids",1.9,3.0,3.3,1.0,"Intel Sapphire Rapids","","","",176.0,"","",128.0,524288.0,1.0,32.0,50.0,0.0,"",0.0,0.0,1.0,2.54645512328767,0.920444273972603,1858.91224,1171.13848,836.51372,671.92432,80.3,299.3,119.939,107.748,346.896,346.896,346.896,521.95,521.95,521.95,1477.52
c3-standard-8,c3,General-purpose,"8 vCPUs, 32 GB RAM",us,us-east1,"South Carolina","Moncks Corner, South Carolina, USA",US,31.0,575.77,0.0,33.8361,-81.1637,1349888.0,3.0,"us-east1-b, us-east1-c, us-east1-d",8.0,0,1.0,0.0,0.0,1.0,"Intel Sapphire Rapids",1.9,3.0,3.3,1.0,"Intel Sapphire Rapids",160341.0,0.32,1116.0,32.0,"","",128.0,263168.0,0.0,23.0,0.0,1.0,15670.0,0.0,0.0,1.0,0.403216,0.131488,294.34768,185.44336,132.45704,95.98624,80.3,299.3,119.939,107.748,84.096,84.096,84.096,131.4,131.4,131.4,268.64
c3-standard-8-lssd,c3,General-purpose,"8 vCPUs, 32 GB RAM, 2 local SSDs",us,us-east1,"South Carolina","Moncks Corner, South Carolina, USA",US,31.0,575.77,0.0,33.8361,-81.1637,1349888.0,3.0,"us-east1-b, us-east1-c, us-east1-d",8.0,0,1.0,0.0,0.0,1.0,"Intel Sapphire Rapids",1.9,3.0,3.3,1.0,"Intel Sapphire Rapids","","","",32.0,"","",128.0,263168.0,1.0,23.0,0.0,0.0,"",0.0,0.0,1.0,0.485407780821918,0.180803068493151,354.34768,223.24336,159.45704,131.98624,80.3,299.3,119.939,107.748,84.096,84.096,84.096,131.4,131.4,131.4,268.64
c3-standard-88,c3,General-purpose,"88 vCPUs, 352 GB RAM",us,us-east1,"South Carolina","Moncks Corner, South Carolina, USA",US,31.0,575.77,0.0,33.8361,-81.1637,1349888.0,3.0,"us-east1-b, us-east1-c, us-east1-d",88.0,0,1.0,0.0,0.0,1.0,"Intel Sapphire Rapids",1.9,3.0,3.3,1.0,"Intel Sapphire Rapids",1691035.0,1.18,528.0,352.0,"","",128.0,524288.0,0.0,62.0,100.0,1.0,140200.0,0.0,0.0,1.0,4.435376,1.446368,3237.82448,2039.87696,1457.02744,1055.84864,80.3,299.3,119.939,107.748,693.792,693.792,693.792,1043.9,1043.9,1043.9,2955.04
c3-standard-88-lssd,c3,General-purpose,"88 vCPUs, 352 GB RAM, 16 local SSDs",us,us-east1,"South Carolina","Moncks Corner, South Carolina, USA",US,31.0,575.77,0.0,33.8361,-81.1637,1349888.0,3.0,"us-east1-b, us-east1-c, us-east1-d",88.0,0,1.0,0.0,0.0,1.0,"Intel Sapphire Rapids",1.9,3.0,3.3,1.0,"Intel Sapphire Rapids","","","",352.0,"","",128.0,524288.0,1.0,62.0,100.0,0.0,"",0.0,0.0,1.0,5.09291024657534,1.84088854794521,3717.82448,2342.27696,1673.02744,1343.84864,80.3,299.3,119.939,107.748,693.792,693.792,693.792,1043.9,1043.9,1043.9,2955.04
c3d-highcpu-16,c3d,General-purpose,"16 vCPUs, 32 GB RAM",us,us-east1,"South Carolina","Moncks Corner, South Carolina, USA",US,31.0,575.77,0.0,33.8361,-81.1637,1349888.0,3.0,"us-east1-b, us-east1-c, us-east1-d",16.0,0,0.0,1.0,0.0,1.0,"AMD Genoa",2.6,3.45,3.7,1.0,"AMD Genoa",384658.0,0.75,304.0,32.0,"","",128.0,263168.0,0.0,20.0,0.0,0.0,"",0.0,0.0,1.0,0.599696,0.132672,437.77808,275.78816,196.9832,96.85056,80.3,299.3,119.939,107.748,126.144,126.144,126.144,189.8,189.8,189.8,537.28
c3d-highcpu-180,c3d,General-purpose,"180 vCPUs, 354 GB RAM",us,us-east1,"South Carolina","Moncks Corner, South Carolina, USA",US,31.0,575.77,0.0,33.8361,-81.1637,1349888.0,3.0,"us-east1-b, us-east1-c, us-east1-d",180.0,0,0.0,1.0,0.0,1.0,"AMD Genoa",2.6,3.45,3.7,1.0,"AMD Genoa",3940383.0,1.44,28.0,354.0,"","",128.0,524288.0,0.0,100.0,150.0,0.0,"",0.0,0.0,1.0,6.722826,1.487304,4907.66298,3091.69308,2208.26022,1085.73192,80.3,299.3,119.939,107.748,1261.44,1261.44,1261.44,1971.0,1971.0,1971.0,6044.4
c3d-highcpu-30,c3d,General-purpose,"30 vCPUs, 59 GB RAM",us,us-east1,"South Carolina","Moncks Corner, South Carolina, USA",US,31.0,575.77,0.0,33.8361,-81.1637,1349888.0,3.0,"us-east1-b, us-east1-c, us-east1-d",30.0,0,0.0,1.0,0.0,1.0,"AMD Genoa",2.6,3.45,3.7,1.0,"AMD Genoa",682826.0,0.48,168.0,59.0,"","",128.0,263168.0,0.0,20.0,50.0,0.0,"",0.0,0.0,1.0,1.120471,0.247884,817.94383,515.28218,368.04337,180.95532,80.3,299.3,119.939,107.748,236.52,236.52,236.52,355.875,355.875,355.875,1007.4
c3d-highcpu-360,c3d,General-purpose,"360 vCPUs, 708 GB RAM",us,us-east1,"South Carolina","Moncks Corner, South Carolina, USA",US,31.0,575.77,0.0,33.8361,-81.1637,1349888.0,3.0,"us-east1-b, us-east1-c, us-east1-d",360.0,0,0.0,1.0,0.0,1.0,"AMD Genoa",2.6,3.45,3.7,1.0,"AMD Genoa",7977725.0,1.41,16.0,708.0,"","",128.0,524288.0,0.0,100.0,200.0,0.0,"",0.0,0.0,1.0,13.445652,2.974608,9815.32596,6183.38616,4416.52044,2171.46384,80.3,299.3,119.939,107.748,2522.88,2522.88,2522.88,3942.0,3942.0,3942.0,12088.8
c3d-highcpu-4,c3d,General-purpose,"4 vCPUs, 8 GB RAM",us,us-east1,"South Carolina","Moncks Corner, South Carolina, USA",US,31.0,575.77,0.0,33.8361,-81.1637,1349888.0,3.0,"us-east1-b, us-east1-c, us-east1-d",4.0,0,0.0,1.0,0.0,1.0,"AMD Genoa",2.6,3.45,3.7,1.0,"AMD Genoa",94611.0,0.46,1168.0,8.0,"","",128.0,263168.0,0.0,20.0,0.0,0.0,"",0.0,0.0,1.0,0.149924,0.033168,109.44452,68.94704,49.2458,24.21264,80.3,248.2,100.01,89.425,42.048,42.048,42.048,65.7,65.7,65.7,134.32
c3d-highcpu-60,c3d,General-purpose,"60 vCPUs, 118 GB RAM",us,us-east1,"South Carolina","Moncks Corner, South Carolina, USA",US,31.0,575.77,0.0,33.8361,-81.1637,1349888.0,3.0,"us-east1-b, us-east1-c, us-east1-d",60.0,0,0.0,1.0,0.0,1.0,"AMD Genoa",2.6,3.45,3.7,1.0,"AMD Genoa",1363944.0,0.47,84.0,118.0,"","",128.0,524288.0,0.0,40.0,75.0,0.0,"",0.0,0.0,1.0,2.240942,0.495768,1635.88766,1030.56436,736.08674,361.91064,80.3,299.3,119.939,107.748,473.04,473.04,473.04,711.75,711.75,711.75,2014.8
c3d-highcpu-8,c3d,General-purpose,"8 vCPUs, 16 GB RAM",us,us-east1,"South Carolina","Moncks Corner, South Carolina, USA",US,31.0,575.77,0.0,33.8361,-81.1637,1349888.0,3.0,"us-east1-b, us-east1-c, us-east1-d",8.0,0,0.0,1.0,0.0,1.0,"AMD Genoa",2.6,3.45,3.7,1.0,"AMD Genoa",192661.0,0.51,592.0,16.0,"","",128.0,263168.0,0.0,20.0,0.0,0.0,"",0.0,0.0,1.0,0.299848,0.066336,218.88904,137.89408,98.4916,48.42528,80.3,299.3,119.939,107.748,84.096,84.096,84.096,131.4,131.4,131.4,268.64
c3d-highcpu-90,c3d,General-purpose,"90 vCPUs, 177 GB RAM",us,us-east1,"South Carolina","Moncks Corner, South Carolina, USA",US,31.0,575.77,0.0,33.8361,-81.1637,1349888.0,3.0,"us-east1-b, us-east1-c, us-east1-d",90.0,0,0.0,1.0,0.0,1.0,"AMD Genoa",2.6,3.45,3.7,1.0,"AMD Genoa",2149508.0,0.3,64.0,177.0,"","",128.0,524288.0,0.0,60.0,100.0,0.0,"",0.0,0.0,1.0,3.361413,0.743652,2453.83149,1545.84654,1104.13011,542.86596,80.3,299.3,119.939,107.748,709.56,709.56,709.56,1067.625,1067.625,1067.625,3022.2
c3d-highmem-16,c3d,General-purpose,"16 vCPUs, 128 GB RAM",us,us-east1,"South Carolina","Moncks Corner, South Carolina, USA",US,31.0,575.77,0.0,33.8361,-81.1637,1349888.0,3.0,"us-east1-b, us-east1-c, us-east1-d",16.0,0,0.0,1.0,0.0,1.0,"AMD Genoa",2.6,3.45,3.7,1.0,"AMD Genoa",384623.0,0.67,88.0,128.0,"","",128.0,263168.0,0.0,20.0,0.0,1.0,"",0.0,0.0,1.0,0.97976,0.216768,715.2248,450.56768,321.79568,158.24064,80.3,299.3,119.939,107.748,126.144,126.144,126.144,189.8,189.8,189.8,537.28
c3d-highmem-16-lssd,c3d,General-purpose,"16 vCPUs, 128 GB RAM, 1 local SSD",us,us-east1,"South Carolina","Moncks Corner, South Carolina, USA",US,31.0,575.77,0.0,33.8361,-81.1637,1349888.0,2.0,"us-east1-b, us-east1-d",16.0,0,0.0,1.0,0.0,1.0,"AMD Genoa",2.6,3.45,3.7,1.0,"AMD Genoa","","","",128.0,"","",128.0,263168.0,1.0,20.0,0.0,0.0,"",0.0,0.0,1.0,1.02085589041096,0.241425534246575,745.2248,469.46768,335.29568,176.24064,80.3,299.3,119.939,107.748,126.144,126.144,126.144,189.8,189.8,189.8,537.28
c3d-highmem-180,c3d,General-purpose,"180 vCPUs, 1440 GB RAM",us,us-east1,"South Carolina","Moncks Corner, South Carolina, USA",US,31.0,575.77,0.0,33.8361,-81.1637,1349888.0,3.0,"us-east1-b, us-east1-c, us-east1-d",180.0,0,0.0,1.0,0.0,1.0,"AMD Genoa",2.6,3.45,3.7,1.0,"AMD Genoa",3958388.0,1.13,8.0,1440.0,"","",128.0,524288.0,0.0,100.0,150.0,1.0,"",0.0,0.0,1.0,11.0223,2.43864,8046.279,5068.8864,3620.2014,1780.2072,80.3,299.3,119.939,107.748,1261.44,1261.44,1261.44,1971.0,1971.0,1971.0,6044.4
c3d-highmem-180-lssd,c3d,General-purpose,"180 vCPUs, 1440 GB RAM, 16 local SSDs",us,us-east1,"South Carolina","Moncks Corner, South Carolina, USA",US,31.0,575.77,0.0,33.8361,-81.1637,1349888.0,2.0,"us-east1-b, us-east1-d",180.0,0,0.0,1.0,0.0,1.0,"AMD Genoa",2.6,3.45,3.7,1.0,"AMD Genoa","","","",1440.0,"","",128.0,524288.0,1.0,100.0,150.0,0.0,"",0.0,0.0,1.0,11.6798342465753,2.83316054794521,8526.279,5371.2864,3836.2014,2068.2072,80.3,299.3,119.939,107.748,1261.44,1261.44,1261.44,1971.0,1971.0,1971.0,6044.4
c3d-highmem-30,c3d,General-purpose,"30 vCPUs, 240 GB RAM",us,us-east1,"South Carolina","Moncks Corner, South Carolina, USA",US,31.0,575.77,0.0,33.8361,-81.1637,1349888.0,3.0,"us-east1-b, us-east1-c, us-east1-d",30.0,0,0.0,1.0,0.0,1.0,"AMD Genoa",2.6,3.45,3.7,1.0,"AMD Genoa",681272.0,0.85,44.0,240.0,"","",128.0,263168.0,0.0,20.0,50.0,1.0,"",0.0,0.0,1.0,1.83705,0.40644,1341.0465,844.8144,603.3669,296.7012,80.3,299.3,119.939,107.748,236.52,236.52,236.52,355.875,355.875,355.875,1007.4
c3d-highmem-30-lssd,c3d,General-purpose,"30 vCPUs, 240 GB RAM, 2 local SSDs",us,us-east1,"South Carolina","Moncks Corner, South Carolina, USA",US,31.0,575.77,0.0,33.8361,-81.1637,1349888.0,2.0,"us-east1-b, us-east1-d",30.0,0,0.0,1.0,0.0,1.0,"AMD Genoa",2.6,3.45,3.7,1.0,"AMD Genoa","","","",240.0,"","",128.0,263168.0,1.0,20.0,50.0,0.0,"",0.0,0.0,1.0,1.91924178082192,0.455755068493151,1401.0465,882.6144,630.3669,332.7012,80.3,299.3,119.939,107.748,236.52,236.52,236.52,355.875,355.875,355.875,1007.4
c3d-highmem-360,c3d,General-purpose,"360 vCPUs, 2880 GB RAM",us,us-east1,"South Carolina","Moncks Corner, South Carolina, USA",US,31.0,575.77,0.0,33.8361,-81.1637,1349888.0,3.0,"us-east1-b, us-east1-c, us-east1-d",360.0,0,0.0,1.0,0.0,1.0,"AMD Genoa",2.6,3.45,3.7,1.0,"AMD Genoa",8069686.0,0.17,4.0,2880.0,"","",128.0,524288.0,0.0,100.0,200.0,0.0,"",0.0,0.0,1.0,22.0446,4.87728,16092.558,10137.7728,7240.4028,3560.4144,80.3,299.3,119.939,107.748,2522.88,2522.88,2522.88,3942.0,3942.0,3942.0,12088.8
c3d-highmem-360-lssd,c3d,General-purpose,"360 vCPUs, 2880 GB RAM, 32 local SSDs",us,us-east1,"South Carolina","Moncks Corner, South Carolina, USA",US,31.0,575.77,0.0,33.8361,-81.1637,1349888.0,2.0,"us-east1-b, us-east1-d",360.0,0,0.0,1.0,0.0,1.0,"AMD Genoa",2.6,3.45,3.7,1.0,"AMD Genoa","","","",2880.0,"","",128.0,524288.0,1.0,100.0,200.0,0.0,"",0.0,0.0,1.0,23.3596684931507,5.66632109589041,17052.558,10742.5728,7672.4028,4136.4144,80.3,299.3,119.939,107.748,2522.88,2522.88,2522.88,3942.0,3942.0,3942.0,12088.8
c3d-highmem-4,c3d,General-purpose,"4 vCPUs, 32 GB RAM",us,us-east1,"South Carolina","Moncks Corner, South Carolina, USA",US,31.0,575.77,0.0,33.8361,-81.1637,1349888.0,3.0,"us-east1-b, us-east1-c, us-east1-d",4.0,0,0.0,1.0,0.0,1.0,"AMD Genoa",2.6,3.45,3.7,1.0,"AMD Genoa",94477.0,0.49,304.0,32.0,"","",128.0,263168.0,0.0,20.0,0.0,1.0,"",0.0,0.0,1.0,0.24494,0.054192,178.8062,112.64192,80.44892,39.56016,80.3,248.2,100.01,89.425,42.048,42.048,42.048,65.7,65.7,65.7,134.32
c3d-highmem-60,c3d,General-purpose,"60 vCPUs, 480 GB RAM",us,us-east1,"South Carolina","Moncks Corner, South Carolina, USA",US,31.0,575.77,0.0,33.8361,-81.1637,1349888.0,3.0,"us-east1-b, us-east1-c, us-east1-d",60.0,0,0.0,1.0,0.0,1.0,"AMD Genoa",2.6,3.45,3.7,1.0,"AMD Genoa",1364173.0,0.55,24.0,480.0,"","",128.0,524288.0,0.0,40.0,75.0,1.0,"",0.0,0.0,1.0,3.6741,0.81288,2682.093,1689.6288,1206.7338,593.4024,80.3,299.3,119.939,107.748,473.04,473.04,473.04,711.75,711.75,711.75,2014.8
c3d-highmem-60-lssd,c3d,General-purpose,"60 vCPUs, 480 GB RAM, 4 local SSDs",us,us-east1,"South Carolina","Moncks Corner, South Carolina, USA",US,31.0,575.77,0.0,33.8361,-81.1637,1349888.0,2.0,"us-east1-b, us-east1-d",60.0,0,0.0,1.0,0.0,1.0,"AMD Genoa",2.6,3.45,3.7,1.0,"AMD Genoa","","","",480.0,"","",128.0,524288.0,1.0,40.0,75.0,0.0,"",0.0,0.0,1.0,3.83848356164384,0.911510136986301,2802.093,1765.2288,1260.7338,665.4024,80.3,299.3,119.939,107.748,473.04,473.04,473.04,711.75,711.75,711.75,2014.8
c3d-highmem-8,c3d,General-purpose,"8 vCPUs, 64 GB RAM",us,us-east1,"South Carolina","Moncks Corner, South Carolina, USA",US,31.0,575.77,0.0,33.8361,-81.1637,1349888.0,3.0,"us-east1-b, us-east1-c, us-east1-d",8.0,0,0.0,1.0,0.0,1.0,"AMD Genoa",2.6,3.45,3.7,1.0,"AMD Genoa",192283.0,0.66,164.0,64.0,"","",128.0,263168.0,0.0,20.0,0.0,1.0,"",0.0,0.0,1.0,0.48988,0.108384,357.6124,225.28384,160.89784,79.12032,80.3,299.3,119.939,107.748,84.096,84.096,84.096,131.4,131.4,131.4,268.64
c3d-highmem-8-lssd,c3d,General-purpose,"8 vCPUs, 64 GB RAM, 1 local SSD",us,us-east1,"South Carolina","Moncks Corner, South Carolina, USA",US,31.0,575.77,0.0,33.8361,-81.1637,1349888.0,2.0,"us-east1-b, us-east1-d",8.0,0,0.0,1.0,0.0,1.0,"AMD Genoa",2.6,3.45,3.7,1.0,"AMD Genoa","","","",64.0,"","",128.0,263168.0,1.0,20.0,0.0,0.0,"",0.0,0.0,1.0,0.530975890410959,0.133041534246575,387.6124,244.18384,174.39784,97.12032,80.3,299.3,119.939,107.748,84.096,84.096,84.096,131.4,131.4,131.4,268.64
c3d-highmem-90,c3d,General-purpose,"90 vCPUs, 720 GB RAM",us,us-east1,"South Carolina","Moncks Corner, South Carolina, USA",US,31.0,575.77,0.0,33.8361,-81.1637,1349888.0,3.0,"us-east1-b, us-east1-c, us-east1-d",90.0,0,0.0,1.0,0.0,1.0,"AMD Genoa",2.6,3.45,3.7,1.0,"AMD Genoa",2143972.0,0.57,16.0,720.0,"","",128.0,524288.0,0.0,60.0,100.0,1.0,"",0.0,0.0,1.0,5.51115,1.21932,4023.1395,2534.4432,1810.1007,890.1036,80.3,299.3,119.939,107.748,709.56,709.56,709.56,1067.625,1067.625,1067.625,3022.2
c3d-highmem-90-lssd,c3d,General-purpose,"90 vCPUs, 720 GB RAM, 8 local SSDs",us,us-east1,"South Carolina","Moncks Corner, South Carolina, USA",US,31.0,575.77,0.0,33.8361,-81.1637,1349888.0,2.0,"us-east1-b, us-east1-d",90.0,0,0.0,1.0,0.0,1.0,"AMD Genoa",2.6,3.45,3.7,1.0,"AMD Genoa","","","",720.0,"","",128.0,524288.0,1.0,60.0,100.0,0.0,"",0.0,0.0,1.0,5.83991712328767,1.4165802739726,4263.1395,2685.6432,1918.1007,1034.1036,80.3,299.3,119.939,107.748,709.56,709.56,709.56,1067.625,1067.625,1067.625,3022.2
c3d-standard-16,c3d,General-purpose,"16 vCPUs, 64 GB RAM",us,us-east1,"South Carolina","Moncks Corner, South Carolina, USA",US,31.0,575.77,0.0,33.8361,-81.1637,1349888.0,3.0,"us-east1-b, us-east1-c, us-east1-d",16.0,0,0.0,1.0,0.0,1.0,"AMD Genoa",2.6,3.45,3.7,1.0,"AMD Genoa",384420.0,0.97,884.0,64.0,"","",128.0,263168.0,0.0,20.0,0.0,1.0,"",0.0,0.0,1.0,0.726384,0.160704,530.26032,334.048,238.58736,117.31392,80.3,299.3,119.939,107.748,126.144,126.144,126.144,189.8,189.8,189.8,537.28
c3d-standard-16-lssd,c3d,General-purpose,"16 vCPUs, 64 GB RAM, 1 local SSD",us,us-east1,"South Carolina","Moncks Corner, South Carolina, USA",US,31.0,575.77,0.0,33.8361,-81.1637,1349888.0,3.0,"us-east1-b, us-east1-c, us-east1-d",16.0,0,0.0,1.0,0.0,1.0,"AMD Genoa",2.6,3.45,3.7,1.0,"AMD Genoa","","","",64.0,"","",128.0,263168.0,1.0,20.0,0.0,0.0,"",0.0,0.0,1.0,0.767479890410959,0.185361534246575,560.26032,352.948,252.08736,135.31392,80.3,299.3,119.939,107.748,126.144,126.144,126.144,189.8,189.8,189.8,537.28
c3d-standard-180,c3d,General-purpose,"180 vCPUs, 720 GB RAM",us,us-east1,"South Carolina","Moncks Corner, South Carolina, USA",US,31.0,575.77,0.0,33.8361,-81.1637,1349888.0,3.0,"us-east1-b, us-east1-c, us-east1-d",180.0,0,0.0,1.0,0.0,1.0,"AMD Genoa",2.6,3.45,3.7,1.0,"AMD Genoa",3905736.0,1.83,552.0,720.0,"","",128.0,524288.0,0.0,100.0,150.0,1.0,"",0.0,0.0,1.0,8.17182,1.80792,5965.4286,3758.04,2684.1078,1319.7816,80.3,299.3,119.939,107.748,1261.44,1261.44,1261.44,1971.0,1971.0,1971.0,6044.4
c3d-standard-180-lssd,c3d,General-purpose,"180 vCPUs, 720 GB RAM, 16 local SSDs",us,us-east1,"South Carolina","Moncks Corner, South Carolina, USA",US,31.0,575.77,0.0,33.8361,-81.1637,1349888.0,3.0,"us-east1-b, us-east1-c, us-east1-d",180.0,0,0.0,1.0,0.0,1.0,"AMD Genoa",2.6,3.45,3.7,1.0,"AMD Genoa","","","",720.0,"","",128.0,524288.0,1.0,100.0,150.0,0.0,"",0.0,0.0,1.0,8.82935424657534,2.20244054794521,6445.4286,4060.44,2900.1078,1607.7816,80.3,299.3,119.939,107.748,1261.44,1261.44,1261.44,1971.0,1971.0,1971.0,6044.4
c3d-standard-30,c3d,General-purpose,"30 vCPUs, 120 GB RAM",us,us-east1,"South Carolina","Moncks Corner, South Carolina, USA",US,31.0,575.77,0.0,33.8361,-81.1637,1349888.0,3.0,"us-east1-b, us-east1-c, us-east1-d",30.0,0,0.0,1.0,0.0,1.0,"AMD Genoa",2.6,3.45,3.7,1.0,"AMD Genoa",681460.0,0.94,752.0,120.0,"","",128.0,263168.0,0.0,20.0,50.0,1.0,"",0.0,0.0,1.0,1.36197,0.30132,994.2381,626.34,447.3513,219.9636,80.3,299.3,119.939,107.748,236.52,236.52,236.52,355.875,355.875,355.875,1007.4
c3d-standard-30-lssd,c3d,General-purpose,"30 vCPUs, 120 GB RAM, 2 local SSDs",us,us-east1,"South Carolina","Moncks Corner, South Carolina, USA",US,31.0,575.77,0.0,33.8361,-81.1637,1349888.0,3.0,"us-east1-b, us-east1-c, us-east1-d",30.0,0,0.0,1.0,0.0,1.0,"AMD Genoa",2.6,3.45,3.7,1.0,"AMD Genoa","","","",120.0,"","",128.0,263168.0,1.0,20.0,50.0,0.0,"",0.0,0.0,1.0,1.44416178082192,0.350635068493151,1054.2381,664.14,474.3513,255.9636,80.3,299.3,119.939,107.748,236.52,236.52,236.52,355.875,355.875,355.875,1007.4
c3d-standard-360,c3d,General-purpose,"360 vCPUs, 1440 GB RAM",us,us-east1,"South Carolina","Moncks Corner, South Carolina, USA",US,31.0,575.77,0.0,33.8361,-81.1637,1349888.0,3.0,"us-east1-b, us-east1-c, us-east1-d",360.0,0,0.0,1.0,0.0,1.0,"AMD Genoa",2.6,3.45,3.7,1.0,"AMD Genoa",8026988.0,0.88,60.0,1440.0,"","",128.0,524288.0,0.0,100.0,200.0,0.0,"",0.0,0.0,1.0,16.34364,3.61584,11930.8572,7516.08,5368.2156,2639.5632,80.3,299.3,119.939,107.748,2522.88,2522.88,2522.88,3942.0,3942.0,3942.0,12088.8
c3d-standard-360-lssd,c3d,General-purpose,"360 vCPUs, 1440 GB RAM, 32 local SSDs",us,us-east1,"South Carolina","Moncks Corner, South Carolina, USA",US,31.0,575.77,0.0,33.8361,-81.1637,1349888.0,3.0,"us-east1-b, us-east1-c, us-east1-d",360.0,0,0.0,1.0,0.0,1.0,"AMD Genoa",2.6,3.45,3.7,1.0,"AMD Genoa","","","",1440.0,"","",128.0,524288.0,1.0,100.0,200.0,0.0,"",0.0,0.0,1.0,17.6587084931507,4.40488109589041,12890.8572,8120.88,5800.2156,3215.5632,80.3,299.3,119.939,107.748,2522.88,2522.88,2522.88,3942.0,3942.0,3942.0,12088.8
c3d-standard-4,c3d,General-purpose,"4 vCPUs, 16 GB RAM",us,us-east1,"South Carolina","Moncks Corner, South Carolina, USA",US,31.0,575.77,0.0,33.8361,-81.1637,1349888.0,3.0,"us-east1-b, us-east1-c, us-east1-d",4.0,0,0.0,1.0,0.0,1.0,"AMD Genoa",2.6,3.45,3.7,1.0,"AMD Genoa",94572.0,0.78,1732.0,16.0,"","",128.0,263168.0,0.0,20.0,0.0,1.0,"",0.0,0.0,1.0,0.181596,0.040176,132.56508,83.512,59.64684,29.32848,80.3,248.2,100.01,89.425,42.048,42.048,42.048,65.7,65.7,65.7,134.32
c3d-standard-60,c3d,General-purpose,"60 vCPUs, 240 GB RAM",us,us-east1,"South Carolina","Moncks Corner, South Carolina, USA",US,31.0,575.77,0.0,33.8361,-81.1637,1349888.0,3.0,"us-east1-b, us-east1-c, us-east1-d",60.0,0,0.0,1.0,0.0,1.0,"AMD Genoa",2.6,3.45,3.7,1.0,"AMD Genoa",1360072.0,1.18,659.0,240.0,"","",128.0,524288.0,0.0,40.0,75.0,1.0,"",0.0,0.0,1.0,2.72394,0.60264,1988.4762,1252.68,894.7026,439.9272,80.3,299.3,119.939,107.748,473.04,473.04,473.04,711.75,711.75,711.75,2014.8
c3d-standard-60-lssd,c3d,General-purpose,"60 vCPUs, 240 GB RAM, 4 local SSDs",us,us-east1,"South Carolina","Moncks Corner, South Carolina, USA",US,31.0,575.77,0.0,33.8361,-81.1637,1349888.0,3.0,"us-east1-b, us-east1-c, us-east1-d",60.0,0,0.0,1.0,0.0,1.0,"AMD Genoa",2.6,3.45,3.7,1.0,"AMD Genoa","","","",240.0,"","",128.0,524288.0,1.0,40.0,75.0,0.0,"",0.0,0.0,1.0,2.88832356164384,0.701270136986301,2108.4762,1328.28,948.7026,511.9272,80.3,299.3,119.939,107.748,473.04,473.04,473.04,711.75,711.75,711.75,2014.8
c3d-standard-8,c3d,General-purpose,"8 vCPUs, 32 GB RAM",us,us-east1,"South Carolina","Moncks Corner, South Carolina, USA",US,31.0,575.77,0.0,33.8361,-81.1637,1349888.0,3.0,"us-east1-b, us-east1-c, us-east1-d",8.0,0,0.0,1.0,0.0,1.0,"AMD Genoa",2.6,3.45,3.7,1.0,"AMD Genoa",192584.0,0.72,1168.0,32.0,"","",128.0,263168.0,0.0,20.0,0.0,1.0,"",0.0,0.0,1.0,0.363192,0.080352,265.13016,167.024,119.29368,58.65696,80.3,299.3,119.939,107.748,84.096,84.096,84.096,131.4,131.4,131.4,268.64
c3d-standard-8-lssd,c3d,General-purpose,"8 vCPUs, 32 GB RAM, 1 local SSD",us,us-east1,"South Carolina","Moncks Corner, South Carolina, USA",US,31.0,575.77,0.0,33.8361,-81.1637,1349888.0,3.0,"us-east1-b, us-east1-c, us-east1-d",8.0,0,0.0,1.0,0.0,1.0,"AMD Genoa",2.6,3.45,3.7,1.0,"AMD Genoa","","","",32.0,"","",128.0,263168.0,1.0,20.0,0.0,0.0,"",0.0,0.0,1.0,0.404287890410959,0.105009534246575,295.13016,185.924,132.79368,76.65696,80.3,299.3,119.939,107.748,84.096,84.096,84.096,131.4,131.4,131.4,268.64
c3d-standard-90,c3d,General-purpose,"90 vCPUs, 360 GB RAM",us,us-east1,"South Carolina","Moncks Corner, South Carolina, USA",US,31.0,575.77,0.0,33.8361,-81.1637,1349888.0,3.0,"us-east1-b, us-east1-c, us-east1-d",90.0,0,0.0,1.0,0.0,1.0,"AMD Genoa",2.6,3.45,3.7,1.0,"AMD Genoa",2138141.0,1.18,616.0,360.0,"","",128.0,524288.0,0.0,60.0,100.0,1.0,"",0.0,0.0,1.0,4.08591,0.90396,2982.7143,1879.02,1342.0539,659.8908,80.3,299.3,119.939,107.748,709.56,709.56,709.56,1067.625,1067.625,1067.625,3022.2
c3d-standard-90-lssd,c3d,General-purpose,"90 vCPUs, 360 GB RAM, 8 local SSDs",us,us-east1,"South Carolina","Moncks Corner, South Carolina, USA",US,31.0,575.77,0.0,33.8361,-81.1637,1349888.0,3.0,"us-east1-b, us-east1-c, us-east1-d",90.0,0,0.0,1.0,0.0,1.0,"AMD Genoa",2.6,3.45,3.7,1.0,"AMD Genoa","","","",360.0,"","",128.0,524288.0,1.0,60.0,100.0,0.0,"",0.0,0.0,1.0,4.41467712328767,1.1012202739726,3222.7143,2030.22,1450.0539,803.8908,80.3,299.3,119.939,107.748,709.56,709.56,709.56,1067.625,1067.625,1067.625,3022.2
c4-highcpu-144,c4,General-purpose,"144 vCPUs, 288 GB RAM",us,us-east1,"South Carolina","Moncks Corner, South Carolina, USA",US,31.0,575.77,0.0,33.8361,-81.1637,1349888.0,3.0,"us-east1-b, us-east1-c, us-east1-d",144.0,0,1.0,0.0,0.0,2.0,"Intel Emerald Rapids, Intel Granite Rapids",2.8,3.9,4.2,2.0,"Intel Emerald Rapids, Intel Granite Rapids","","","",288.0,"","",128.0,524288.0,0.0,100.0,150.0,0.0,"",0.0,0.0,1.0,6.123744,3.49056,4470.33312,2816.37504,2011.68144,2548.1088,80.3,299.3,119.939,107.748,1009.152,1009.152,1009.152,1576.8,1576.8,1576.8,4835.52
c4-highcpu-16,c4,General-purpose,"16 vCPUs, 32 GB RAM",us,us-east1,"South Carolina","Moncks Corner, South Carolina, USA",US,31.0,575.77,0.0,33.8361,-81.1637,1349888.0,3.0,"us-east1-b, us-east1-c, us-east1-d",16.0,0,1.0,0.0,0.0,2.0,"Intel Emerald Rapids, Intel Granite Rapids",2.8,3.9,4.2,2.0,"Intel Emerald Rapids, Intel Granite Rapids","","","",32.0,"","",128.0,524288.0,0.0,23.0,0.0,0.0,"",0.0,0.0,1.0,0.680416,0.38784,496.70368,312.93056,223.52016,283.1232,80.3,299.3,119.939,107.748,126.144,126.144,126.144,189.8,189.8,189.8,537.28
c4-highcpu-192,c4,General-purpose,"192 vCPUs, 384 GB RAM",us,us-east1,"South Carolina","Moncks Corner, South Carolina, USA",US,31.0,575.77,0.0,33.8361,-81.1637,1349888.0,3.0,"us-east1-b, us-east1-c, us-east1-d",192.0,0,1.0,0.0,0.0,2.0,"Intel Emerald Rapids, Intel Granite Rapids",2.8,3.9,4.2,2.0,"Intel Emerald Rapids, Intel Granite Rapids","","","",384.0,"","",128.0,524288.0,0.0,100.0,200.0,0.0,"",0.0,0.0,1.0,8.164992,4.65408,5960.44416,3755.16672,2682.24192,3397.4784,80.3,299.3,119.939,107.748,1345.536,1345.536,1345.536,2102.4,2102.4,2102.4,6447.36
c4-highcpu-2,c4,General-purpose,"2 vCPUs, 4 GB RAM",us,us-east1,"South Carolina","Moncks Corner, South Carolina, USA",US,31.0,575.77,0.0,33.8361,-81.1637,1349888.0,3.0,"us-east1-b, us-east1-c, us-east1-d",2.0,0,1.0,0.0,0.0,2.0,"Intel Emerald Rapids, Intel Granite Rapids",2.8,3.9,4.2,2.0,"Intel Emerald Rapids, Intel Granite Rapids","","","",4.0,"","",128.0,524288.0,0.0,10.0,0.0,0.0,"",0.0,0.0,1.0,0.085052,0.04848,62.08796,39.11632,27.94002,35.3904,80.3,124.1,50.005,44.7198,21.024,21.024,21.024,32.85,32.85,32.85,67.16
c4-highcpu-24,c4,General-purpose,"24 vCPUs, 48 GB RAM",us,us-east1,"South Carolina","Moncks Corner, South Carolina, USA",US,31.0,575.77,0.0,33.8361,-81.1637,1349888.0,3.0,"us-east1-b, us-east1-c, us-east1-d",24.0,0,1.0,0.0,0.0,2.0,"Intel Emerald Rapids, Intel Granite Rapids",2.8,3.9,4.2,2.0,"Intel Emerald Rapids, Intel Granite Rapids","","","",48.0,"","",128.0,524288.0,0.0,23.0,0.0,0.0,"",0.0,0.0,1.0,1.020624,0.58176,745.05552,469.39584,335.28024,424.6848,80.3,299.3,119.939,107.748,189.216,189.216,189.216,284.7,284.7,284.7,805.92
c4-highcpu-288,c4,General-purpose,"288 vCPUs, 576 GB RAM",us,us-east1,"South Carolina","Moncks Corner, South Carolina, USA",US,31.0,575.77,0.0,33.8361,-81.1637,1349888.0,3.0,"us-east1-b, us-east1-c, us-east1-d",288.0,0,1.0,0.0,0.0,2.0,"Intel Emerald Rapids, Intel Granite Rapids",2.8,3.9,4.2,2.0,"Intel Emerald Rapids, Intel Granite Rapids","","","",576.0,"","",128.0,524288.0,0.0,100.0,200.0,0.0,"",0.0,0.0,1.0,12.247488,6.98112,8940.66624,5632.75008,4023.36288,5096.2176,80.3,299.3,119.939,107.748,2018.304,2018.304,2018.304,3153.6,3153.6,3153.6,9671.04
c4-highcpu-32,c4,General-purpose,"32 vCPUs, 64 GB RAM",us,us-east1,"South Carolina","Moncks Corner, South Carolina, USA",US,31.0,575.77,0.0,33.8361,-81.1637,1349888.0,3.0,"us-east1-b, us-east1-c, us-east1-d",32.0,0,1.0,0.0,0.0,2.0,"Intel Emerald Rapids, Intel Granite Rapids",2.8,3.9,4.2,2.0,"Intel Emerald Rapids, Intel Granite Rapids","","","",64.0,"","",128.0,524288.0,0.0,23.0,0.0,0.0,"",0.0,0.0,1.0,1.360832,0.77568,993.40736,625.86112,447.04032,566.2464,80.3,299.3,119.939,107.748,252.288,252.288,252.288,379.6,379.6,379.6,1074.56
c4-highcpu-4,c4,General-purpose,"4 vCPUs, 8 GB RAM",us,us-east1,"South Carolina","Moncks Corner, South Carolina, USA",US,31.0,575.77,0.0,33.8361,-81.1637,1349888.0,3.0,"us-east1-b, us-east1-c, us-east1-d",4.0,0,1.0,0.0,0.0,2.0,"Intel Emerald Rapids, Intel Granite Rapids",2.8,3.9,4.2,2.0,"Intel Emerald Rapids, Intel Granite Rapids","","","",8.0,"","",128.0,524288.0,0.0,10.0,0.0,0.0,"",0.0,0.0,1.0,0.170104,0.09696,124.17592,78.23264,55.88004,70.7808,80.3,248.2,100.01,89.425,42.048,42.048,42.048,65.7,65.7,65.7,134.32
c4-highcpu-48,c4,General-purpose,"48 vCPUs, 96 GB RAM",us,us-east1,"South Carolina","Moncks Corner, South Carolina, USA",US,31.0,575.77,0.0,33.8361,-81.1637,1349888.0,3.0,"us-east1-b, us-east1-c, us-east1-d",48.0,0,1.0,0.0,0.0,2.0,"Intel Emerald Rapids, Intel Granite Rapids",2.8,3.9,4.2,2.0,"Intel Emerald Rapids, Intel Granite Rapids","","","",96.0,"","",128.0,524288.0,0.0,34.0,50.0,0.0,"",0.0,0.0,1.0,2.041248,1.16352,1490.11104,938.79168,670.56048,849.3696,80.3,299.3,119.939,107.748,378.432,378.432,378.432,569.4,569.4,569.4,1611.84
c4-highcpu-8,c4,General-purpose,"8 vCPUs, 16 GB RAM",us,us-east1,"South Carolina","Moncks Corner, South Carolina, USA",US,31.0,575.77,0.0,33.8361,-81.1637,1349888.0,3.0,"us-east1-b, us-east1-c, us-east1-d",8.0,0,1.0,0.0,0.0,2.0,"Intel Emerald Rapids, Intel Granite Rapids",2.8,3.9,4.2,2.0,"Intel Emerald Rapids, Intel Granite Rapids","","","",16.0,"","",128.0,524288.0,0.0,23.0,0.0,0.0,"",0.0,0.0,1.0,0.340208,0.19392,248.35184,156.46528,111.76008,141.5616,80.3,299.3,119.939,107.748,84.096,84.096,84.096,131.4,131.4,131.4,268.64
c4-highcpu-96,c4,General-purpose,"96 vCPUs, 192 GB RAM",us,us-east1,"South Carolina","Moncks Corner, South Carolina, USA",US,31.0,575.77,0.0,33.8361,-81.1637,1349888.0,3.0,"us-east1-b, us-east1-c, us-east1-d",96.0,0,1.0,0.0,0.0,2.0,"Intel Emerald Rapids, Intel Granite Rapids",2.8,3.9,4.2,2.0,"Intel Emerald Rapids, Intel Granite Rapids","","","",192.0,"","",128.0,524288.0,0.0,67.0,100.0,0.0,"",0.0,0.0,1.0,4.082496,2.32704,2980.22208,1877.58336,1341.12096,1698.7392,80.3,299.3,119.939,107.748,756.864,756.864,756.864,1138.8,1138.8,1138.8,3223.68
c4-highmem-144,c4,General-purpose,"144 vCPUs, 1116 GB RAM",us,us-east1,"South Carolina","Moncks Corner, South Carolina, USA",US,31.0,575.77,0.0,33.8361,-81.1637,1349888.0,3.0,"us-east1-b, us-east1-c, us-east1-d",144.0,0,1.0,0.0,0.0,2.0,"Intel Emerald Rapids, Intel Granite Rapids",2.8,3.9,4.2,2.0,"Intel Emerald Rapids, Intel Granite Rapids","","","",1116.0,"","",128.0,524288.0,0.0,100.0,150.0,0.0,"",0.0,0.0,1.0,9.384408,5.34942,6850.61784,4315.99068,3082.74912,3905.0766,80.3,299.3,119.939,107.748,1009.152,1009.152,1009.152,1576.8,1576.8,1576.8,4835.52
c4-highmem-144-lssd,c4,General-purpose,"144 vCPUs, 1116 GB RAM, 24 local SSDs",us,us-east1,"South Carolina","Moncks Corner, South Carolina, USA",US,31.0,575.77,0.0,33.8361,-81.1637,1349888.0,3.0,"us-east1-b, us-east1-c, us-east1-d",144.0,0,1.0,0.0,0.0,2.0,"Intel Emerald Rapids, Intel Granite Rapids",2.8,3.9,4.2,2.0,"Intel Emerald Rapids, Intel Granite Rapids","","","",1116.0,"","",128.0,524288.0,1.0,100.0,150.0,0.0,"",0.0,0.0,1.0,11.357010739726,6.47380356164384,8290.61784,5223.19068,3730.74912,4725.8766,80.3,299.3,119.939,107.748,1009.152,1009.152,1009.152,1576.8,1576.8,1576.8,4835.52
c4-highmem-16,c4,General-purpose,"16 vCPUs, 124 GB RAM",us,us-east1,"South Carolina","Moncks Corner, South Carolina, USA",US,31.0,575.77,0.0,33.8361,-81.1637,1349888.0,3.0,"us-east1-b, us-east1-c, us-east1-d",16.0,0,1.0,0.0,0.0,2.0,"Intel Emerald Rapids, Intel Granite Rapids",2.8,3.9,4.2,2.0,"Intel Emerald Rapids, Intel Granite Rapids","","","",124.0,"","",128.0,524288.0,0.0,23.0,0.0,1.0,"",0.0,0.0,1.0,1.042712,0.59438,761.17976,479.55452,342.52768,433.8974,80.3,299.3,119.939,107.748,126.144,126.144,126.144,189.8,189.8,189.8,537.28
c4-highmem-16-lssd,c4,General-purpose,"16 vCPUs, 124 GB RAM, 2 local SSDs",us,us-east1,"South Carolina","Moncks Corner, South Carolina, USA",US,31.0,575.77,0.0,33.8361,-81.1637,1349888.0,3.0,"us-east1-b, us-east1-c, us-east1-d",16.0,0,1.0,0.0,0.0,2.0,"Intel Emerald Rapids, Intel Granite Rapids",2.8,3.9,4.2,2.0,"Intel Emerald Rapids, Intel Granite Rapids","","","",124.0,"","",128.0,524288.0,1.0,23.0,0.0,0.0,"",0.0,0.0,1.0,1.20709556164384,0.688078630136986,881.17976,555.15452,396.52768,502.2974,80.3,299.3,119.939,107.748,126.144,126.144,126.144,189.8,189.8,189.8,537.28
c4-highmem-192,c4,General-purpose,"192 vCPUs, 1488 GB RAM",us,us-east1,"South Carolina","Moncks Corner, South Carolina, USA",US,31.0,575.77,0.0,33.8361,-81.1637,1349888.0,3.0,"us-east1-b, us-east1-c, us-east1-d",192.0,0,1.0,0.0,0.0,2.0,"Intel Emerald Rapids, Intel Granite Rapids",2.8,3.9,4.2,2.0,"Intel Emerald Rapids, Intel Granite Rapids","","","",1488.0,"","",128.0,524288.0,0.0,100.0,200.0,1.0,"",1.0,0.0,1.0,12.512544,7.13256,9134.15712,5754.65424,4110.33216,5206.7688,80.3,299.3,119.939,107.748,1345.536,1345.536,1345.536,2102.4,2102.4,2102.4,6447.36
c4-highmem-192-lssd,c4,General-purpose,"192 vCPUs, 1488 GB RAM, 32 local SSDs",us,us-east1,"South Carolina","Moncks Corner, South Carolina, USA",US,31.0,575.77,0.0,33.8361,-81.1637,1349888.0,3.0,"us-east1-b, us-east1-c, us-east1-d",192.0,0,1.0,0.0,0.0,2.0,"Intel Emerald Rapids, Intel Granite Rapids",2.8,3.9,4.2,2.0,"Intel Emerald Rapids, Intel Granite Rapids","","","",1488.0,"","",128.0,524288.0,1.0,100.0,200.0,0.0,"",0.0,0.0,1.0,15.1426809863014,8.63173808219178,11054.15712,6964.25424,4974.33216,6301.1688,80.3,299.3,119.939,107.748,1345.536,1345.536,1345.536,2102.4,2102.4,2102.4,6447.36
c4-highmem-2,c4,General-purpose,"2 vCPUs, 15 GB RAM",us,us-east1,"South Carolina","Moncks Corner, South Carolina, USA",US,31.0,575.77,0.0,33.8361,-81.1637,1349888.0,3.0,"us-east1-b, us-east1-c, us-east1-d",2.0,0,1.0,0.0,0.0,2.0,"Intel Emerald Rapids, Intel Granite Rapids",2.8,3.9,4.2,2.0,"Intel Emerald Rapids, Intel Granite Rapids","","","",15.0,"","",128.0,524288.0,0.0,10.0,0.0,1.0,"",0.0,0.0,1.0,0.12837,0.073175,93.7101,59.03875,42.16918,53.41775,80.3,124.1,50.005,44.7198,21.024,21.024,21.024,32.85,32.85,32.85,67.16
c4-highmem-24,c4,General-purpose,"24 vCPUs, 186 GB RAM",us,us-east1,"South Carolina","Moncks Corner, South Carolina, USA",US,31.0,575.77,0.0,33.8361,-81.1637,1349888.0,3.0,"us-east1-b, us-east1-c, us-east1-d",24.0,0,1.0,0.0,0.0,2.0,"Intel Emerald Rapids, Intel Granite Rapids",2.8,3.9,4.2,2.0,"Intel Emerald Rapids, Intel Granite Rapids","","","",186.0,"","",128.0,524288.0,0.0,23.0,0.0,0.0,"",0.0,0.0,1.0,1.564068,0.89157,1141.76964,719.33178,513.79152,650.8461,80.3,299.3,119.939,107.748,189.216,189.216,189.216,284.7,284.7,284.7,805.92
c4-highmem-24-lssd,c4,General-purpose,"24 vCPUs, 186 GB RAM, 4 local SSDs",us,us-east1,"South Carolina","Moncks Corner, South Carolina, USA",US,31.0,575.77,0.0,33.8361,-81.1637,1349888.0,3.0,"us-east1-b, us-east1-c, us-east1-d",24.0,0,1.0,0.0,0.0,2.0,"Intel Emerald Rapids, Intel Granite Rapids",2.8,3.9,4.2,2.0,"Intel Emerald Rapids, Intel Granite Rapids","","","",186.0,"","",128.0,524288.0,1.0,23.0,0.0,0.0,"",0.0,0.0,1.0,1.89283512328767,1.07896726027397,1381.76964,870.53178,621.79152,787.6461,80.3,299.3,119.939,107.748,189.216,189.216,189.216,284.7,284.7,284.7,805.92
c4-highmem-288,c4,General-purpose,"288 vCPUs, 2232 GB RAM",us,us-east1,"South Carolina","Moncks Corner, South Carolina, USA",US,31.0,575.77,0.0,33.8361,-81.1637,1349888.0,3.0,"us-east1-b, us-east1-c, us-east1-d",288.0,0,1.0,0.0,0.0,2.0,"Intel Emerald Rapids, Intel Granite Rapids",2.8,3.9,4.2,2.0,"Intel Emerald Rapids, Intel Granite Rapids","","","",2232.0,"","",128.0,524288.0,0.0,100.0,200.0,0.0,"",0.0,0.0,1.0,18.768816,10.69884,13701.23568,8631.98136,6165.49824,7810.1532,80.3,299.3,119.939,107.748,2018.304,2018.304,2018.304,3153.6,3153.6,3153.6,9671.04
c4-highmem-288-lssd,c4,General-purpose,"288 vCPUs,  2232 GB RAM, 48 local SSDs",us,us-east1,"South Carolina","Moncks Corner, South Carolina, USA",US,31.0,575.77,0.0,33.8361,-81.1637,1349888.0,3.0,"us-east1-b, us-east1-c, us-east1-d",288.0,0,1.0,0.0,0.0,2.0,"Intel Emerald Rapids, Intel Granite Rapids",2.8,3.9,4.2,2.0,"Intel Emerald Rapids, Intel Granite Rapids","","","",2232.0,"","",128.0,524288.0,1.0,100.0,200.0,0.0,"",0.0,0.0,1.0,22.7140214794521,12.9476071232877,16581.23568,10446.38136,7461.49824,9451.7532,80.3,299.3,119.939,107.748,2018.304,2018.304,2018.304,3153.6,3153.6,3153.6,9671.04
c4-highmem-288-lssd-metal,c4,General-purpose,"288 vCPUs, 2232 GB RAM, 6 local SSDs",us,us-east1,"South Carolina","Moncks Corner, South Carolina, USA",US,31.0,575.77,0.0,33.8361,-81.1637,1349888.0,3.0,"us-east1-b, us-east1-c, us-east1-d",288.0,0,1.0,0.0,0.0,2.0,"Intel Emerald Rapids, Intel Granite Rapids",2.8,3.9,4.2,2.0,"Intel Emerald Rapids, Intel Granite Rapids","","","",2232.0,"","",128.0,524288.0,1.0,100.0,200.0,0.0,"",0.0,0.0,1.0,22.7140214794521,12.9476071232877,16581.23568,10446.38136,7461.49824,9451.7532,80.3,299.3,119.939,107.748,2018.304,2018.304,2018.304,3153.6,3153.6,3153.6,9671.04
c4-highmem-288-metal,c4,General-purpose,"288 vCPUs, 2232 GB RAM",us,us-east1,"South Carolina","Moncks Corner, South Carolina, USA",US,31.0,575.77,0.0,33.8361,-81.1637,1349888.0,3.0,"us-east1-b, us-east1-c, us-east1-d",288.0,0,1.0,0.0,0.0,2.0,"Intel Emerald Rapids, Intel Granite Rapids",2.8,3.9,4.2,2.0,"Intel Emerald Rapids, Intel Granite Rapids","","","",2232.0,"","",128.0,524288.0,0.0,100.0,200.0,0.0,"",0.0,0.0,1.0,18.768816,10.69884,13701.23568,8631.98136,6165.49824,7810.1532,80.3,299.3,119.939,107.748,2018.304,2018.304,2018.304,3153.6,3153.6,3153.6,9671.04
c4-highmem-32,c4,General-purpose,"32 vCPUs, 248 GB RAM",us,us-east1,"South Carolina","Moncks Corner, South Carolina, USA",US,31.0,575.77,0.0,33.8361,-81.1637,1349888.0,3.0,"us-east1-b, us-east1-c, us-east1-d",32.0,0,1.0,0.0,0.0,2.0,"Intel Emerald Rapids, Intel Granite Rapids",2.8,3.9,4.2,2.0,"Intel Emerald Rapids, Intel Granite Rapids","","","",248.0,"","",128.0,524288.0,0.0,23.0,0.0,1.0,"",1.0,0.0,1.0,2.085424,1.18876,1522.35952,959.10904,685.05536,867.7948,80.3,299.3,119.939,107.748,252.288,252.288,252.288,379.6,379.6,379.6,1074.56
c4-highmem-32-lssd,c4,General-purpose,"32 vCPUs, 248 GB RAM, 5 local SSDs",us,us-east1,"South Carolina","Moncks Corner, South Carolina, USA",US,31.0,575.77,0.0,33.8361,-81.1637,1349888.0,3.0,"us-east1-b, us-east1-c, us-east1-d",32.0,0,1.0,0.0,0.0,2.0,"Intel Emerald Rapids, Intel Granite Rapids",2.8,3.9,4.2,2.0,"Intel Emerald Rapids, Intel Granite Rapids","","","",248.0,"","",128.0,524288.0,1.0,23.0,0.0,0.0,"",0.0,0.0,1.0,2.49638290410959,1.42300657534247,1822.35952,1148.10904,820.05536,1038.7948,80.3,299.3,119.939,107.748,252.288,252.288,252.288,379.6,379.6,379.6,1074.56
c4-highmem-4,c4,General-purpose,"4 vCPUs, 31 GB RAM",us,us-east1,"South Carolina","Moncks Corner, South Carolina, USA",US,31.0,575.77,0.0,33.8361,-81.1637,1349888.0,3.0,"us-east1-b, us-east1-c, us-east1-d",4.0,0,1.0,0.0,0.0,2.0,"Intel Emerald Rapids, Intel Granite Rapids",2.8,3.9,4.2,2.0,"Intel Emerald Rapids, Intel Granite Rapids","","","",31.0,"","",128.0,524288.0,0.0,10.0,0.0,1.0,"",0.0,0.0,1.0,0.260678,0.148595,190.29494,119.88863,85.63192,108.47435,80.3,248.2,100.01,89.425,42.048,42.048,42.048,65.7,65.7,65.7,134.32
c4-highmem-4-lssd,c4,General-purpose,"4 vCPUs, 31 GB RAM, 1 local SSD",us,us-east1,"South Carolina","Moncks Corner, South Carolina, USA",US,31.0,575.77,0.0,33.8361,-81.1637,1349888.0,3.0,"us-east1-b, us-east1-c, us-east1-d",4.0,0,1.0,0.0,0.0,2.0,"Intel Emerald Rapids, Intel Granite Rapids",2.8,3.9,4.2,2.0,"Intel Emerald Rapids, Intel Granite Rapids","","","",31.0,"","",128.0,524288.0,1.0,10.0,0.0,0.0,"",0.0,0.0,1.0,0.342869780821918,0.195444315068493,250.29494,157.68863,112.63192,142.67435,80.3,248.2,100.01,89.425,42.048,42.048,42.048,65.7,65.7,65.7,134.32
c4-highmem-48,c4,General-purpose,"48 vCPUs, 372 GB RAM",us,us-east1,"South Carolina","Moncks Corner, South Carolina, USA",US,31.0,575.77,0.0,33.8361,-81.1637,1349888.0,3.0,"us-east1-b, us-east1-c, us-east1-d",48.0,0,1.0,0.0,0.0,2.0,"Intel Emerald Rapids, Intel Granite Rapids",2.8,3.9,4.2,2.0,"Intel Emerald Rapids, Intel Granite Rapids","","","",372.0,"","",128.0,524288.0,0.0,34.0,50.0,1.0,"",1.0,0.0,1.0,3.128136,1.78314,2283.53928,1438.66356,1027.58304,1301.6922,80.3,299.3,119.939,107.748,378.432,378.432,378.432,569.4,569.4,569.4,1611.84
c4-highmem-48-lssd,c4,General-purpose,"48 vCPUs, 372 GB RAM, 8 local SSDs",us,us-east1,"South Carolina","Moncks Corner, South Carolina, USA",US,31.0,575.77,0.0,33.8361,-81.1637,1349888.0,3.0,"us-east1-b, us-east1-c, us-east1-d",48.0,0,1.0,0.0,0.0,2.0,"Intel Emerald Rapids, Intel Granite Rapids",2.8,3.9,4.2,2.0,"Intel Emerald Rapids, Intel Granite Rapids","","","",372.0,"","",128.0,524288.0,1.0,34.0,50.0,0.0,"",0.0,0.0,1.0,3.78567024657534,2.15793452054795,2763.53928,1741.06356,1243.58304,1575.2922,80.3,299.3,119.939,107.748,378.432,378.432,378.432,569.4,569.4,569.4,1611.84
c4-highmem-8,c4,General-purpose,"8 vCPUs, 62 GB RAM",us,us-east1,"South Carolina","Moncks Corner, South Carolina, USA",US,31.0,575.77,0.0,33.8361,-81.1637,1349888.0,3.0,"us-east1-b, us-east1-c, us-east1-d",8.0,0,1.0,0.0,0.0,2.0,"Intel Emerald Rapids, Intel Granite Rapids",2.8,3.9,4.2,2.0,"Intel Emerald Rapids, Intel Granite Rapids","","","",62.0,"","",128.0,524288.0,0.0,23.0,0.0,1.0,"",0.0,0.0,1.0,0.521356,0.29719,380.58988,239.77726,171.26384,216.9487,80.3,299.3,119.939,107.748,84.096,84.096,84.096,131.4,131.4,131.4,268.64
c4-highmem-8-lssd,c4,General-purpose,"8 vCPUs, 62 GB RAM, 1 local SSD",us,us-east1,"South Carolina","Moncks Corner, South Carolina, USA",US,31.0,575.77,0.0,33.8361,-81.1637,1349888.0,3.0,"us-east1-b, us-east1-c, us-east1-d",8.0,0,1.0,0.0,0.0,2.0,"Intel Emerald Rapids, Intel Granite Rapids",2.8,3.9,4.2,2.0,"Intel Emerald Rapids, Intel Granite Rapids","","","",62.0,"","",128.0,524288.0,1.0,23.0,0.0,0.0,"",0.0,0.0,1.0,0.603547780821918,0.344039315068493,440.58988,277.57726,198.26384,251.1487,80.3,299.3,119.939,107.748,84.096,84.096,84.096,131.4,131.4,131.4,268.64
c4-highmem-96,c4,General-purpose,"96 vCPUs, 744 GB RAM",us,us-east1,"South Carolina","Moncks Corner, South Carolina, USA",US,31.0,575.77,0.0,33.8361,-81.1637,1349888.0,3.0,"us-east1-b, us-east1-c, us-east1-d",96.0,0,1.0,0.0,0.0,2.0,"Intel Emerald Rapids, Intel Granite Rapids",2.8,3.9,4.2,2.0,"Intel Emerald Rapids, Intel Granite Rapids","","","",744.0,"","",128.0,524288.0,0.0,67.0,100.0,1.0,"",1.0,0.0,1.0,6.256272,3.56628,4567.07856,2877.32712,2055.16608,2603.3844,80.3,299.3,119.939,107.748,756.864,756.864,756.864,1138.8,1138.8,1138.8,3223.68
c4-highmem-96-lssd,c4,General-purpose,"96 vCPUs, 744 GB RAM, 16 local SSDs",us,us-east1,"South Carolina","Moncks Corner, South Carolina, USA",US,31.0,575.77,0.0,33.8361,-81.1637,1349888.0,3.0,"us-east1-b, us-east1-c, us-east1-d",96.0,0,1.0,0.0,0.0,2.0,"Intel Emerald Rapids, Intel Granite Rapids",2.8,3.9,4.2,2.0,"Intel Emerald Rapids, Intel Granite Rapids","","","",744.0,"","",128.0,524288.0,1.0,67.0,100.0,0.0,"",0.0,0.0,1.0,7.57134049315069,4.31586904109589,5527.07856,3482.12712,2487.16608,3150.5844,80.3,299.3,119.939,107.748,756.864,756.864,756.864,1138.8,1138.8,1138.8,3223.68
c4-standard-144,c4,General-purpose,"144 vCPUs, 540 GB RAM",us,us-east1,"South Carolina","Moncks Corner, South Carolina, USA",US,31.0,575.77,0.0,33.8361,-81.1637,1349888.0,3.0,"us-east1-b, us-east1-c, us-east1-d",144.0,0,1.0,0.0,0.0,2.0,"Intel Emerald Rapids, Intel Granite Rapids",2.8,3.9,4.2,2.0,"Intel Emerald Rapids, Intel Granite Rapids","","","",540.0,"","",128.0,524288.0,0.0,100.0,150.0,0.0,"",0.0,0.0,1.0,7.11612,4.0563,5194.7676,3272.7798,2337.65856,2961.099,80.3,299.3,119.939,107.748,1009.152,1009.152,1009.152,1576.8,1576.8,1576.8,4835.52
c4-standard-144-lssd,c4,General-purpose,"144 vCPUs, 540 GB RAM, 24 local SSDs",us,us-east1,"South Carolina","Moncks Corner, South Carolina, USA",US,31.0,575.77,0.0,33.8361,-81.1637,1349888.0,3.0,"us-east1-b, us-east1-c, us-east1-d",144.0,0,1.0,0.0,0.0,2.0,"Intel Emerald Rapids, Intel Granite Rapids",2.8,3.9,4.2,2.0,"Intel Emerald Rapids, Intel Granite Rapids","","","",540.0,"","",128.0,524288.0,1.0,100.0,150.0,0.0,"",0.0,0.0,1.0,9.08872273972603,5.18068356164384,6634.7676,4179.9798,2985.65856,3781.899,80.3,299.3,119.939,107.748,1009.152,1009.152,1009.152,1576.8,1576.8,1576.8,4835.52
c4-standard-16,c4,General-purpose,"16 vCPUs, 60 GB RAM",us,us-east1,"South Carolina","Moncks Corner, South Carolina, USA",US,31.0,575.77,0.0,33.8361,-81.1637,1349888.0,3.0,"us-east1-b, us-east1-c, us-east1-d",16.0,0,1.0,0.0,0.0,2.0,"Intel Emerald Rapids, Intel Granite Rapids",2.8,3.9,4.2,2.0,"Intel Emerald Rapids, Intel Granite Rapids","","","",60.0,"","",128.0,524288.0,0.0,23.0,0.0,1.0,"",0.0,0.0,1.0,0.79068,0.4507,577.1964,363.6422,259.73984,329.011,80.3,299.3,119.939,107.748,126.144,126.144,126.144,189.8,189.8,189.8,537.28
c4-standard-16-lssd,c4,General-purpose,"16 vCPUs, 60 GB RAM, 2 local SSDs",us,us-east1,"South Carolina","Moncks Corner, South Carolina, USA",US,31.0,575.77,0.0,33.8361,-81.1637,1349888.0,3.0,"us-east1-b, us-east1-c, us-east1-d",16.0,0,1.0,0.0,0.0,2.0,"Intel Emerald Rapids, Intel Granite Rapids",2.8,3.9,4.2,2.0,"Intel Emerald Rapids, Intel Granite Rapids","","","",60.0,"","",128.0,524288.0,1.0,23.0,0.0,0.0,"",0.0,0.0,1.0,0.955063561643836,0.544398630136986,697.1964,439.2422,313.73984,397.411,80.3,299.3,119.939,107.748,126.144,126.144,126.144,189.8,189.8,189.8,537.28
c4-standard-192,c4,General-purpose,"192 vCPUs, 720 GB RAM",us,us-east1,"South Carolina","Moncks Corner, South Carolina, USA",US,31.0,575.77,0.0,33.8361,-81.1637,1349888.0,3.0,"us-east1-b, us-east1-c, us-east1-d",192.0,0,1.0,0.0,0.0,2.0,"Intel Emerald Rapids, Intel Granite Rapids",2.8,3.9,4.2,2.0,"Intel Emerald Rapids, Intel Granite Rapids","","","",720.0,"","",128.0,524288.0,0.0,100.0,200.0,1.0,"",0.0,0.0,1.0,9.48816,5.4084,6926.3568,4363.7064,3116.87808,3948.132,80.3,299.3,119.939,107.748,1345.536,1345.536,1345.536,2102.4,2102.4,2102.4,6447.36
c4-standard-192-lssd,c4,General-purpose,"192 vCPUs, 720 GB RAM, 32 local SSDs",us,us-east1,"South Carolina","Moncks Corner, South Carolina, USA",US,31.0,575.77,0.0,33.8361,-81.1637,1349888.0,3.0,"us-east1-b, us-east1-c, us-east1-d",192.0,0,1.0,0.0,0.0,2.0,"Intel Emerald Rapids, Intel Granite Rapids",2.8,3.9,4.2,2.0,"Intel Emerald Rapids, Intel Granite Rapids","","","",720.0,"","",128.0,524288.0,1.0,100.0,200.0,0.0,"",0.0,0.0,1.0,12.1182969863014,6.90757808219178,8846.3568,5573.3064,3980.87808,5042.532,80.3,299.3,119.939,107.748,1345.536,1345.536,1345.536,2102.4,2102.4,2102.4,6447.36
c4-standard-2,c4,General-purpose,"2 vCPUs, 7 GB RAM",us,us-east1,"South Carolina","Moncks Corner, South Carolina, USA",US,31.0,575.77,0.0,33.8361,-81.1637,1349888.0,3.0,"us-east1-b, us-east1-c, us-east1-d",2.0,0,1.0,0.0,0.0,2.0,"Intel Emerald Rapids, Intel Granite Rapids",2.8,3.9,4.2,2.0,"Intel Emerald Rapids, Intel Granite Rapids","","","",7.0,"","",128.0,524288.0,0.0,10.0,0.0,1.0,"",0.0,0.0,1.0,0.096866,0.055215,70.71218,44.54971,31.8207,40.30695,80.3,124.1,50.005,44.7198,21.024,21.024,21.024,32.85,32.85,32.85,67.16
c4-standard-24,c4,General-purpose,"24 vCPUs, 90 GB RAM",us,us-east1,"South Carolina","Moncks Corner, South Carolina, USA",US,31.0,575.77,0.0,33.8361,-81.1637,1349888.0,3.0,"us-east1-b, us-east1-c, us-east1-d",24.0,0,1.0,0.0,0.0,2.0,"Intel Emerald Rapids, Intel Granite Rapids",2.8,3.9,4.2,2.0,"Intel Emerald Rapids, Intel Granite Rapids","","","",90.0,"","",128.0,524288.0,0.0,23.0,0.0,0.0,"",0.0,0.0,1.0,1.18602,0.67605,865.7946,545.4633,389.60976,493.5165,80.3,299.3,119.939,107.748,189.216,189.216,189.216,284.7,284.7,284.7,805.92
c4-standard-24-lssd,c4,General-purpose,"24 vCPUs, 90 GB RAM, 4 local SSDs",us,us-east1,"South Carolina","Moncks Corner, South Carolina, USA",US,31.0,575.77,0.0,33.8361,-81.1637,1349888.0,3.0,"us-east1-b, us-east1-c, us-east1-d",24.0,0,1.0,0.0,0.0,2.0,"Intel Emerald Rapids, Intel Granite Rapids",2.8,3.9,4.2,2.0,"Intel Emerald Rapids, Intel Granite Rapids","","","",90.0,"","",128.0,524288.0,1.0,23.0,0.0,0.0,"",0.0,0.0,1.0,1.51478712328767,0.863447260273973,1105.7946,696.6633,497.60976,630.3165,80.3,299.3,119.939,107.748,189.216,189.216,189.216,284.7,284.7,284.7,805.92
c4-standard-288,c4,General-purpose,"288 vCPUs, 1080 GB RAM",us,us-east1,"South Carolina","Moncks Corner, South Carolina, USA",US,31.0,575.77,0.0,33.8361,-81.1637,1349888.0,3.0,"us-east1-b, us-east1-c, us-east1-d",288.0,0,1.0,0.0,0.0,2.0,"Intel Emerald Rapids, Intel Granite Rapids",2.8,3.9,4.2,2.0,"Intel Emerald Rapids, Intel Granite Rapids","","","",1080.0,"","",128.0,524288.0,0.0,100.0,200.0,0.0,"",0.0,0.0,1.0,14.23224,8.1126,10389.5352,6545.5596,4675.31712,5922.198,80.3,299.3,119.939,107.748,2018.304,2018.304,2018.304,3153.6,3153.6,3153.6,9671.04
c4-standard-288-lssd,c4,General-purpose,"288 vCPUs, 1080 GB RAM, 48 local SSDs",us,us-east1,"South Carolina","Moncks Corner, South Carolina, USA",US,31.0,575.77,0.0,33.8361,-81.1637,1349888.0,3.0,"us-east1-b, us-east1-c, us-east1-d",288.0,0,1.0,0.0,0.0,2.0,"Intel Emerald Rapids, Intel Granite Rapids",2.8,3.9,4.2,2.0,"Intel Emerald Rapids, Intel Granite Rapids","","","",1080.0,"","",128.0,524288.0,1.0,100.0,200.0,0.0,"",0.0,0.0,1.0,18.1774454794521,10.3613671232877,13269.5352,8359.9596,5971.31712,7563.798,80.3,299.3,119.939,107.748,2018.304,2018.304,2018.304,3153.6,3153.6,3153.6,9671.04
c4-standard-288-lssd-metal,c4,General-purpose,"288 vCPUs, 1080 GB RAM, 6 local SSDs",us,us-east1,"South Carolina","Moncks Corner, South Carolina, USA",US,31.0,575.77,0.0,33.8361,-81.1637,1349888.0,3.0,"us-east1-b, us-east1-c, us-east1-d",288.0,0,1.0,0.0,0.0,2.0,"Intel Emerald Rapids, Intel Granite Rapids",2.8,3.9,4.2,2.0,"Intel Emerald Rapids, Intel Granite Rapids","","","",1080.0,"","",128.0,524288.0,1.0,100.0,200.0,0.0,"",0.0,0.0,1.0,18.1774454794521,10.3613671232877,13269.5352,8359.9596,5971.31712,7563.798,80.3,299.3,119.939,107.748,2018.304,2018.304,2018.304,3153.6,3153.6,3153.6,9671.04
c4-standard-288-metal,c4,General-purpose,"288 vCPUs, 1080 GB RAM",us,us-east1,"South Carolina","Moncks Corner, South Carolina, USA",US,31.0,575.77,0.0,33.8361,-81.1637,1349888.0,3.0,"us-east1-b, us-east1-c, us-east1-d",288.0,0,1.0,0.0,0.0,2.0,"Intel Emerald Rapids, Intel Granite Rapids",2.8,3.9,4.2,2.0,"Intel Emerald Rapids, Intel Granite Rapids","","","",1080.0,"","",128.0,524288.0,0.0,100.0,200.0,0.0,"",0.0,0.0,1.0,14.23224,8.1126,10389.5352,6545.5596,4675.31712,5922.198,80.3,299.3,119.939,107.748,2018.304,2018.304,2018.304,3153.6,3153.6,3153.6,9671.04
c4-standard-32,c4,General-purpose,"32 vCPUs, 120 GB RAM",us,us-east1,"South Carolina","Moncks Corner, South Carolina, USA",US,31.0,575.77,0.0,33.8361,-81.1637,1349888.0,3.0,"us-east1-b, us-east1-c, us-east1-d",32.0,0,1.0,0.0,0.0,2.0,"Intel Emerald Rapids, Intel Granite Rapids",2.8,3.9,4.2,2.0,"Intel Emerald Rapids, Intel Granite Rapids","","","",120.0,"","",128.0,524288.0,0.0,23.0,0.0,1.0,"",0.0,0.0,1.0,1.58136,0.9014,1154.3928,727.2844,519.47968,658.022,80.3,299.3,119.939,107.748,252.288,252.288,252.288,379.6,379.6,379.6,1074.56
c4-standard-32-lssd,c4,General-purpose,"32 vCPUs, 120 GB RAM, 5 local SSDs",us,us-east1,"South Carolina","Moncks Corner, South Carolina, USA",US,31.0,575.77,0.0,33.8361,-81.1637,1349888.0,3.0,"us-east1-b, us-east1-c, us-east1-d",32.0,0,1.0,0.0,0.0,2.0,"Intel Emerald Rapids, Intel Granite Rapids",2.8,3.9,4.2,2.0,"Intel Emerald Rapids, Intel Granite Rapids","","","",120.0,"","",128.0,524288.0,1.0,23.0,0.0,0.0,"",0.0,0.0,1.0,1.99231890410959,1.13564657534247,1454.3928,916.2844,654.47968,829.022,80.3,299.3,119.939,107.748,252.288,252.288,252.288,379.6,379.6,379.6,1074.56
c4-standard-4,c4,General-purpose,"4 vCPUs, 15 GB RAM",us,us-east1,"South Carolina","Moncks Corner, South Carolina, USA",US,31.0,575.77,0.0,33.8361,-81.1637,1349888.0,3.0,"us-east1-b, us-east1-c, us-east1-d",4.0,0,1.0,0.0,0.0,2.0,"Intel Emerald Rapids, Intel Granite Rapids",2.8,3.9,4.2,2.0,"Intel Emerald Rapids, Intel Granite Rapids","","","",15.0,"","",128.0,524288.0,0.0,10.0,0.0,1.0,"",0.0,0.0,1.0,0.19767,0.112675,144.2991,90.91055,64.93496,82.25275,80.3,248.2,100.01,89.425,42.048,42.048,42.048,65.7,65.7,65.7,134.32
c4-standard-4-lssd,c4,General-purpose,"4 vCPUs, 15 GB RAM, 1 local SSD",us,us-east1,"South Carolina","Moncks Corner, South Carolina, USA",US,31.0,575.77,0.0,33.8361,-81.1637,1349888.0,3.0,"us-east1-b, us-east1-c, us-east1-d",4.0,0,1.0,0.0,0.0,2.0,"Intel Emerald Rapids, Intel Granite Rapids",2.8,3.9,4.2,2.0,"Intel Emerald Rapids, Intel Granite Rapids","","","",15.0,"","",128.0,524288.0,1.0,10.0,0.0,0.0,"",0.0,0.0,1.0,0.279861780821918,0.159524315068493,204.2991,128.71055,91.93496,116.45275,80.3,248.2,100.01,89.425,42.048,42.048,42.048,65.7,65.7,65.7,134.32
c4-standard-48,c4,General-purpose,"48 vCPUs, 180 GB RAM",us,us-east1,"South Carolina","Moncks Corner, South Carolina, USA",US,31.0,575.77,0.0,33.8361,-81.1637,1349888.0,3.0,"us-east1-b, us-east1-c, us-east1-d",48.0,0,1.0,0.0,0.0,2.0,"Intel Emerald Rapids, Intel Granite Rapids",2.8,3.9,4.2,2.0,"Intel Emerald Rapids, Intel Granite Rapids","","","",180.0,"","",128.0,524288.0,0.0,34.0,50.0,1.0,"",0.0,0.0,1.0,2.37204,1.3521,1731.5892,1090.9266,779.21952,987.033,80.3,299.3,119.939,107.748,378.432,378.432,378.432,569.4,569.4,569.4,1611.84
c4-standard-48-lssd,c4,General-purpose,"48 vCPUs, 180 GB RAM, 8 local SSDs",us,us-east1,"South Carolina","Moncks Corner, South Carolina, USA",US,31.0,575.77,0.0,33.8361,-81.1637,1349888.0,3.0,"us-east1-b, us-east1-c, us-east1-d",48.0,0,1.0,0.0,0.0,2.0,"Intel Emerald Rapids, Intel Granite Rapids",2.8,3.9,4.2,2.0,"Intel Emerald Rapids, Intel Granite Rapids","","","",180.0,"","",128.0,524288.0,1.0,34.0,50.0,0.0,"",0.0,0.0,1.0,3.02957424657534,1.72689452054795,2211.5892,1393.3266,995.21952,1260.633,80.3,299.3,119.939,107.748,378.432,378.432,378.432,569.4,569.4,569.4,1611.84
c4-standard-8,c4,General-purpose,"8 vCPUs, 30 GB RAM",us,us-east1,"South Carolina","Moncks Corner, South Carolina, USA",US,31.0,575.77,0.0,33.8361,-81.1637,1349888.0,3.0,"us-east1-b, us-east1-c, us-east1-d",8.0,0,1.0,0.0,0.0,2.0,"Intel Emerald Rapids, Intel Granite Rapids",2.8,3.9,4.2,2.0,"Intel Emerald Rapids, Intel Granite Rapids","","","",30.0,"","",128.0,524288.0,0.0,23.0,0.0,1.0,"",0.0,0.0,1.0,0.39534,0.22535,288.5982,181.8211,129.86992,164.5055,80.3,299.3,119.939,107.748,84.096,84.096,84.096,131.4,131.4,131.4,268.64
c4-standard-8-lssd,c4,General-purpose,"8 vCPUs, 30 GB RAM, 1 local SSD",us,us-east1,"South Carolina","Moncks Corner, South Carolina, USA",US,31.0,575.77,0.0,33.8361,-81.1637,1349888.0,3.0,"us-east1-b, us-east1-c, us-east1-d",8.0,0,1.0,0.0,0.0,2.0,"Intel Emerald Rapids, Intel Granite Rapids",2.8,3.9,4.2,2.0,"Intel Emerald Rapids, Intel Granite Rapids","","","",30.0,"","",128.0,524288.0,1.0,23.0,0.0,0.0,"",0.0,0.0,1.0,0.477531780821918,0.272199315068493,348.5982,219.6211,156.86992,198.7055,80.3,299.3,119.939,107.748,84.096,84.096,84.096,131.4,131.4,131.4,268.64
c4-standard-96,c4,General-purpose,"96 vCPUs, 360 GB RAM",us,us-east1,"South Carolina","Moncks Corner, South Carolina, USA",US,31.0,575.77,0.0,33.8361,-81.1637,1349888.0,3.0,"us-east1-b, us-east1-c, us-east1-d",96.0,0,1.0,0.0,0.0,2.0,"Intel Emerald Rapids, Intel Granite Rapids",2.8,3.9,4.2,2.0,"Intel Emerald Rapids, Intel Granite Rapids","","","",360.0,"","",128.0,524288.0,0.0,67.0,100.0,1.0,"",0.0,0.0,1.0,4.74408,2.7042,3463.1784,2181.8532,1558.43904,1974.066,80.3,299.3,119.939,107.748,756.864,756.864,756.864,1138.8,1138.8,1138.8,3223.68
c4-standard-96-lssd,c4,General-purpose,"96 vCPUs, 360 GB RAM, 16 local SSDs",us,us-east1,"South Carolina","Moncks Corner, South Carolina, USA",US,31.0,575.77,0.0,33.8361,-81.1637,1349888.0,3.0,"us-east1-b, us-east1-c, us-east1-d",96.0,0,1.0,0.0,0.0,2.0,"Intel Emerald Rapids, Intel Granite Rapids",2.8,3.9,4.2,2.0,"Intel Emerald Rapids, Intel Granite Rapids","","","",360.0,"","",128.0,524288.0,1.0,67.0,100.0,0.0,"",0.0,0.0,1.0,6.05914849315069,3.45378904109589,4423.1784,2786.6532,1990.43904,2521.266,80.3,299.3,119.939,107.748,756.864,756.864,756.864,1138.8,1138.8,1138.8,3223.68
c4a-highcpu-1,c4a,General-purpose,"1 vCPUs, 2 GB RAM",us,us-east1,"South Carolina","Moncks Corner, South Carolina, USA",US,31.0,575.77,0.0,33.8361,-81.1637,1349888.0,3.0,"us-east1-b, us-east1-c, us-east1-d",1.0,0,0.0,0.0,1.0,1.0,"Google Axion",3.0,3.0,3.0,1.0,"Google Axion","","","",2.0,"","",16.0,263168.0,0.0,10.0,0.0,0.0,"",0.0,0.0,1.0,0.03788,0.01986,27.6524,18.2427,12.4465,14.4978,80.3,124.1,50.005,44.7198,10.512,10.512,10.512,16.425,16.425,16.425,33.58
c4a-highcpu-16,c4a,General-purpose,"16 vCPUs, 32 GB RAM",us,us-east1,"South Carolina","Moncks Corner, South Carolina, USA",US,31.0,575.77,0.0,33.8361,-81.1637,1349888.0,3.0,"us-east1-b, us-east1-c, us-east1-d",16.0,0,0.0,0.0,1.0,1.0,"Google Axion",3.0,3.0,3.0,1.0,"Google Axion","","","",32.0,"","",32.0,263168.0,0.0,23.0,0.0,0.0,"",0.0,0.0,1.0,0.60608,0.31776,442.4384,291.8832,199.144,231.9648,80.3,299.3,119.939,107.748,126.144,126.144,126.144,189.8,189.8,189.8,537.28
c4a-highcpu-2,c4a,General-purpose,"2 vCPUs, 4 GB RAM",us,us-east1,"South Carolina","Moncks Corner, South Carolina, USA",US,31.0,575.77,0.0,33.8361,-81.1637,1349888.0,3.0,"us-east1-b, us-east1-c, us-east1-d",2.0,0,0.0,0.0,1.0,1.0,"Google Axion",3.0,3.0,3.0,1.0,"Google Axion","","","",4.0,"","",16.0,263168.0,0.0,10.0,0.0,0.0,"",0.0,0.0,1.0,0.07576,0.03972,55.3048,36.4854,24.893,28.9956,80.3,124.1,50.005,44.7198,21.024,21.024,21.024,32.85,32.85,32.85,67.16
c4a-highcpu-32,c4a,General-purpose,"32 vCPUs, 64 GB RAM",us,us-east1,"South Carolina","Moncks Corner, South Carolina, USA",US,31.0,575.77,0.0,33.8361,-81.1637,1349888.0,3.0,"us-east1-b, us-east1-c, us-east1-d",32.0,0,0.0,0.0,1.0,1.0,"Google Axion",3.0,3.0,3.0,1.0,"Google Axion","","","",64.0,"","",32.0,524288.0,0.0,23.0,50.0,0.0,"",0.0,0.0,1.0,1.21216,0.63552,884.8768,583.7664,398.288,463.9296,80.3,299.3,119.939,107.748,252.288,252.288,252.288,379.6,379.6,379.6,1074.56
c4a-highcpu-4,c4a,General-purpose,"4 vCPUs, 8 GB RAM",us,us-east1,"South Carolina","Moncks Corner, South Carolina, USA",US,31.0,575.77,0.0,33.8361,-81.1637,1349888.0,3.0,"us-east1-b, us-east1-c, us-east1-d",4.0,0,0.0,0.0,1.0,1.0,"Google Axion",3.0,3.0,3.0,1.0,"Google Axion","","","",8.0,"","",16.0,263168.0,0.0,23.0,0.0,0.0,"",0.0,0.0,1.0,0.15152,0.07944,110.6096,72.9708,49.786,57.9912,80.3,248.2,100.01,89.425,42.048,42.048,42.048,65.7,65.7,65.7,134.32
c4a-highcpu-48,c4a,General-purpose,"48 vCPUs, 96 GB RAM",us,us-east1,"South Carolina","Moncks Corner, South Carolina, USA",US,31.0,575.77,0.0,33.8361,-81.1637,1349888.0,3.0,"us-east1-b, us-east1-c, us-east1-d",48.0,0,0.0,0.0,1.0,1.0,"Google Axion",3.0,3.0,3.0,1.0,"Google Axion","","","",96.0,"","",32.0,524288.0,0.0,34.0,50.0,0.0,"",0.0,0.0,1.0,1.81824,0.95328,1327.3152,875.6496,597.432,695.8944,80.3,299.3,119.939,107.748,378.432,378.432,378.432,569.4,569.4,569.4,1611.84
c4a-highcpu-64,c4a,General-purpose,"64 vCPUs, 128 GB RAM",us,us-east1,"South Carolina","Moncks Corner, South Carolina, USA",US,31.0,575.77,0.0,33.8361,-81.1637,1349888.0,3.0,"us-east1-b, us-east1-c, us-east1-d",64.0,0,0.0,0.0,1.0,1.0,"Google Axion",3.0,3.0,3.0,1.0,"Google Axion","","","",128.0,"","",64.0,524288.0,0.0,45.0,75.0,0.0,"",0.0,0.0,1.0,2.42432,1.27104,1769.7536,1167.5328,796.576,927.8592,80.3,299.3,119.939,107.748,504.576,504.576,504.576,759.2,759.2,759.2,2149.12
c4a-highcpu-72,c4a,General-purpose,"72 vCPUs, 144 GB RAM",us,us-east1,"South Carolina","Moncks Corner, South Carolina, USA",US,31.0,575.77,0.0,33.8361,-81.1637,1349888.0,3.0,"us-east1-b, us-east1-c, us-east1-d",72.0,0,0.0,0.0,1.0,1.0,"Google Axion",3.0,3.0,3.0,1.0,"Google Axion","","","",144.0,"","",128.0,524288.0,0.0,50.0,100.0,0.0,"",0.0,0.0,1.0,2.72736,1.42992,1990.9728,1313.4744,896.148,1043.8416,80.3,299.3,119.939,107.748,567.648,567.648,567.648,854.1,854.1,854.1,2417.76
c4a-highcpu-8,c4a,General-purpose,"8 vCPUs, 16 GB RAM",us,us-east1,"South Carolina","Moncks Corner, South Carolina, USA",US,31.0,575.77,0.0,33.8361,-81.1637,1349888.0,3.0,"us-east1-b, us-east1-c, us-east1-d",8.0,0,0.0,0.0,1.0,1.0,"Google Axion",3.0,3.0,3.0,1.0,"Google Axion","","","",16.0,"","",32.0,263168.0,0.0,23.0,0.0,0.0,"",0.0,0.0,1.0,0.30304,0.15888,221.2192,145.9416,99.572,115.9824,80.3,299.3,119.939,107.748,84.096,84.096,84.096,131.4,131.4,131.4,268.64
c4a-highmem-1,c4a,General-purpose,"1 vCPUs, 8 GB RAM",us,us-east1,"South Carolina","Moncks Corner, South Carolina, USA",US,31.0,575.77,0.0,33.8361,-81.1637,1349888.0,3.0,"us-east1-b, us-east1-c, us-east1-d",1.0,0,0.0,0.0,1.0,1.0,"Google Axion",3.0,3.0,3.0,1.0,"Google Axion","","","",8.0,"","",16.0,263168.0,0.0,10.0,0.0,0.0,"",0.0,0.0,1.0,0.05894,0.0309,43.0262,28.3605,19.3669,22.557,80.3,124.1,50.005,44.7198,10.512,10.512,10.512,16.425,16.425,16.425,33.58
c4a-highmem-16,c4a,General-purpose,"16 vCPUs, 128 GB RAM",us,us-east1,"South Carolina","Moncks Corner, South Carolina, USA",US,31.0,575.77,0.0,33.8361,-81.1637,1349888.0,3.0,"us-east1-b, us-east1-c, us-east1-d",16.0,0,0.0,0.0,1.0,1.0,"Google Axion",3.0,3.0,3.0,1.0,"Google Axion","","","",128.0,"","",32.0,263168.0,0.0,23.0,0.0,0.0,"",0.0,0.0,1.0,0.94304,0.4944,688.4192,453.768,309.8704,360.912,80.3,299.3,119.939,107.748,126.144,126.144,126.144,189.8,189.8,189.8,537.28
c4a-highmem-16-lssd,c4a,General-purpose,"16 vCPUs, 128 GB RAM, 4 local SSD",us,us-east1,"South Carolina","Moncks Corner, South Carolina, USA",US,31.0,575.77,0.0,33.8361,-81.1637,1349888.0,3.0,"us-east1-b, us-east1-c, us-east1-d",16.0,0,0.0,0.0,1.0,1.0,"Google Axion",3.0,3.0,3.0,1.0,"Google Axion","","","",128.0,"","",32.0,263168.0,1.0,23.0,0.0,0.0,"",0.0,0.0,1.0,1.18961534246575,0.623852054794521,868.4192,572.568,390.8704,455.412,80.3,299.3,119.939,107.748,126.144,126.144,126.144,189.8,189.8,189.8,537.28
c4a-highmem-2,c4a,General-purpose,"2 vCPUs, 16 GB RAM",us,us-east1,"South Carolina","Moncks Corner, South Carolina, USA",US,31.0,575.77,0.0,33.8361,-81.1637,1349888.0,3.0,"us-east1-b, us-east1-c, us-east1-d",2.0,0,0.0,0.0,1.0,1.0,"Google Axion",3.0,3.0,3.0,1.0,"Google Axion","","","",16.0,"","",16.0,263168.0,0.0,10.0,0.0,0.0,"",0.0,0.0,1.0,0.11788,0.0618,86.0524,56.721,38.7338,45.114,80.3,124.1,50.005,44.7198,21.024,21.024,21.024,32.85,32.85,32.85,67.16
c4a-highmem-32,c4a,General-purpose,"32 vCPUs, 256 GB RAM",us,us-east1,"South Carolina","Moncks Corner, South Carolina, USA",US,31.0,575.77,0.0,33.8361,-81.1637,1349888.0,3.0,"us-east1-b, us-east1-c, us-east1-d",32.0,0,0.0,0.0,1.0,1.0,"Google Axion",3.0,3.0,3.0,1.0,"Google Axion","","","",256.0,"","",32.0,524288.0,0.0,23.0,50.0,0.0,"",0.0,0.0,1.0,1.88608,0.9888,1376.8384,907.536,619.7408,721.824,80.3,299.3,119.939,107.748,252.288,252.288,252.288,379.6,379.6,379.6,1074.56
c4a-highmem-32-lssd,c4a,General-purpose,"32 vCPUs, 256 GB RAM, 6 local SSD",us,us-east1,"South Carolina","Moncks Corner, South Carolina, USA",US,31.0,575.77,0.0,33.8361,-81.1637,1349888.0,3.0,"us-east1-b, us-east1-c, us-east1-d",32.0,0,0.0,0.0,1.0,1.0,"Google Axion",3.0,3.0,3.0,1.0,"Google Axion","","","",256.0,"","",32.0,524288.0,1.0,23.0,50.0,0.0,"",0.0,0.0,1.0,2.25594301369863,1.18297808219178,1646.8384,1085.736,741.2408,863.574,80.3,299.3,119.939,107.748,252.288,252.288,252.288,379.6,379.6,379.6,1074.56
c4a-highmem-4,c4a,General-purpose,"4 vCPUs, 32 GB RAM",us,us-east1,"South Carolina","Moncks Corner, South Carolina, USA",US,31.0,575.77,0.0,33.8361,-81.1637,1349888.0,3.0,"us-east1-b, us-east1-c, us-east1-d",4.0,0,0.0,0.0,1.0,1.0,"Google Axion",3.0,3.0,3.0,1.0,"Google Axion","","","",32.0,"","",16.0,263168.0,0.0,23.0,0.0,0.0,"",0.0,0.0,1.0,0.23576,0.1236,172.1048,113.442,77.4676,90.228,80.3,248.2,100.01,89.425,42.048,42.048,42.048,65.7,65.7,65.7,134.32
c4a-highmem-4-lssd,c4a,General-purpose,"4 vCPUs, 32 GB RAM, 1 local SSD",us,us-east1,"South Carolina","Moncks Corner, South Carolina, USA",US,31.0,575.77,0.0,33.8361,-81.1637,1349888.0,3.0,"us-east1-b, us-east1-c, us-east1-d",4.0,0,0.0,0.0,1.0,1.0,"Google Axion",3.0,3.0,3.0,1.0,"Google Axion","","","",32.0,"","",16.0,263168.0,1.0,23.0,0.0,0.0,"",0.0,0.0,1.0,0.297403835616438,0.15596301369863,217.1048,143.142,97.7176,113.853,80.3,248.2,100.01,89.425,42.048,42.048,42.048,65.7,65.7,65.7,134.32
c4a-highmem-48,c4a,General-purpose,"48 vCPUs, 384 GB RAM",us,us-east1,"South Carolina","Moncks Corner, South Carolina, USA",US,31.0,575.77,0.0,33.8361,-81.1637,1349888.0,3.0,"us-east1-b, us-east1-c, us-east1-d",48.0,0,0.0,0.0,1.0,1.0,"Google Axion",3.0,3.0,3.0,1.0,"Google Axion","","","",384.0,"","",32.0,524288.0,0.0,34.0,50.0,0.0,"",0.0,0.0,1.0,2.82912,1.4832,2065.2576,1361.304,929.6112,1082.736,80.3,299.3,119.939,107.748,378.432,378.432,378.432,569.4,569.4,569.4,1611.84
c4a-highmem-48-lssd,c4a,General-purpose,"48 vCPUs, 384 GB RAM, 10 local SSD",us,us-east1,"South Carolina","Moncks Corner, South Carolina, USA",US,31.0,575.77,0.0,33.8361,-81.1637,1349888.0,3.0,"us-east1-b, us-east1-c, us-east1-d",48.0,0,0.0,0.0,1.0,1.0,"Google Axion",3.0,3.0,3.0,1.0,"Google Axion","","","",384.0,"","",32.0,524288.0,1.0,34.0,50.0,0.0,"",0.0,0.0,1.0,3.44555835616438,1.8068301369863,2515.2576,1658.304,1132.1112,1318.986,80.3,299.3,119.939,107.748,378.432,378.432,378.432,569.4,569.4,569.4,1611.84
c4a-highmem-64,c4a,General-purpose,"64 vCPUs, 512 GB RAM",us,us-east1,"South Carolina","Moncks Corner, South Carolina, USA",US,31.0,575.77,0.0,33.8361,-81.1637,1349888.0,3.0,"us-east1-b, us-east1-c, us-east1-d",64.0,0,0.0,0.0,1.0,1.0,"Google Axion",3.0,3.0,3.0,1.0,"Google Axion","","","",512.0,"","",64.0,524288.0,0.0,45.0,75.0,0.0,"",0.0,0.0,1.0,3.77216,1.9776,2753.6768,1815.072,1239.4816,1443.648,80.3,299.3,119.939,107.748,504.576,504.576,504.576,759.2,759.2,759.2,2149.12
c4a-highmem-64-lssd,c4a,General-purpose,"64 vCPUs, 512 GB RAM, 14 local SSD",us,us-east1,"South Carolina","Moncks Corner, South Carolina, USA",US,31.0,575.77,0.0,33.8361,-81.1637,1349888.0,3.0,"us-east1-b, us-east1-c, us-east1-d",64.0,0,0.0,0.0,1.0,1.0,"Google Axion",3.0,3.0,3.0,1.0,"Google Axion","","","",512.0,"","",64.0,524288.0,1.0,45.0,75.0,0.0,"",0.0,0.0,1.0,4.63517369863014,2.43068219178082,3383.6768,2230.872,1522.9816,1774.398,80.3,299.3,119.939,107.748,504.576,504.576,504.576,759.2,759.2,759.2,2149.12
c4a-highmem-72,c4a,General-purpose,"72 vCPUs, 576 GB RAM",us,us-east1,"South Carolina","Moncks Corner, South Carolina, USA",US,31.0,575.77,0.0,33.8361,-81.1637,1349888.0,3.0,"us-east1-b, us-east1-c, us-east1-d",72.0,0,0.0,0.0,1.0,1.0,"Google Axion",3.0,3.0,3.0,1.0,"Google Axion","","","",576.0,"","",128.0,524288.0,0.0,50.0,100.0,0.0,"",0.0,0.0,1.0,4.24368,2.2248,3097.8864,2041.956,1394.4168,1624.104,80.3,299.3,119.939,107.748,567.648,567.648,567.648,854.1,854.1,854.1,2417.76
c4a-highmem-72-lssd,c4a,General-purpose,"72 vCPUs, 576 GB RAM, 16 local SSD",us,us-east1,"South Carolina","Moncks Corner, South Carolina, USA",US,31.0,575.77,0.0,33.8361,-81.1637,1349888.0,3.0,"us-east1-b, us-east1-c, us-east1-d",72.0,0,0.0,0.0,1.0,1.0,"Google Axion",3.0,3.0,3.0,1.0,"Google Axion","","","",576.0,"","",128.0,524288.0,1.0,50.0,100.0,0.0,"",0.0,0.0,1.0,5.22998136986301,2.74260821917808,3817.8864,2517.156,1718.4168,2002.104,80.3,299.3,119.939,107.748,567.648,567.648,567.648,854.1,854.1,854.1,2417.76
c4a-highmem-8,c4a,General-purpose,"8 vCPUs, 64 GB RAM",us,us-east1,"South Carolina","Moncks Corner, South Carolina, USA",US,31.0,575.77,0.0,33.8361,-81.1637,1349888.0,3.0,"us-east1-b, us-east1-c, us-east1-d",8.0,0,0.0,0.0,1.0,1.0,"Google Axion",3.0,3.0,3.0,1.0,"Google Axion","","","",64.0,"","",32.0,263168.0,0.0,23.0,0.0,0.0,"",0.0,0.0,1.0,0.47152,0.2472,344.2096,226.884,154.9352,180.456,80.3,299.3,119.939,107.748,84.096,84.096,84.096,131.4,131.4,131.4,268.64
c4a-highmem-8-lssd,c4a,General-purpose,"8 vCPUs, 64 GB RAM, 2 local SSD",us,us-east1,"South Carolina","Moncks Corner, South Carolina, USA",US,31.0,575.77,0.0,33.8361,-81.1637,1349888.0,3.0,"us-east1-b, us-east1-c, us-east1-d",8.0,0,0.0,0.0,1.0,1.0,"Google Axion",3.0,3.0,3.0,1.0,"Google Axion","","","",64.0,"","",32.0,263168.0,1.0,23.0,0.0,0.0,"",0.0,0.0,1.0,0.594807671232877,0.31192602739726,434.2096,286.284,195.4352,227.706,80.3,299.3,119.939,107.748,84.096,84.096,84.096,131.4,131.4,131.4,268.64
c4a-standard-1,c4a,General-purpose,"1 vCPUs, 4 GB RAM",us,us-east1,"South Carolina","Moncks Corner, South Carolina, USA",US,31.0,575.77,0.0,33.8361,-81.1637,1349888.0,3.0,"us-east1-b, us-east1-c, us-east1-d",1.0,0,0.0,0.0,1.0,1.0,"Google Axion",3.0,3.0,3.0,1.0,"Google Axion","","","",4.0,"","",16.0,263168.0,0.0,10.0,0.0,0.0,"",0.0,0.0,1.0,0.0449,0.02354,32.777,21.6153,14.7533,17.1842,80.3,124.1,50.005,44.7198,10.512,10.512,10.512,16.425,16.425,16.425,33.58
c4a-standard-16,c4a,General-purpose,"16 vCPUs, 64 GB RAM",us,us-east1,"South Carolina","Moncks Corner, South Carolina, USA",US,31.0,575.77,0.0,33.8361,-81.1637,1349888.0,3.0,"us-east1-b, us-east1-c, us-east1-d",16.0,0,0.0,0.0,1.0,1.0,"Google Axion",3.0,3.0,3.0,1.0,"Google Axion","","","",64.0,"","",32.0,263168.0,0.0,23.0,0.0,0.0,"",0.0,0.0,1.0,0.7184,0.37664,524.432,345.8448,236.0528,274.9472,80.3,299.3,119.939,107.748,126.144,126.144,126.144,189.8,189.8,189.8,537.28
c4a-standard-16-lssd,c4a,General-purpose,"16 vCPUs, 64 GB RAM, 4 local SSD",us,us-east1,"South Carolina","Moncks Corner, South Carolina, USA",US,31.0,575.77,0.0,33.8361,-81.1637,1349888.0,3.0,"us-east1-b, us-east1-c, us-east1-d",16.0,0,0.0,0.0,1.0,1.0,"Google Axion",3.0,3.0,3.0,1.0,"Google Axion","","","",64.0,"","",32.0,263168.0,1.0,23.0,0.0,0.0,"",0.0,0.0,1.0,0.964975342465753,0.50609205479452,704.432,464.6448,317.0528,369.4472,80.3,299.3,119.939,107.748,126.144,126.144,126.144,189.8,189.8,189.8,537.28
c4a-standard-2,c4a,General-purpose,"2 vCPUs, 8 GB RAM",us,us-east1,"South Carolina","Moncks Corner, South Carolina, USA",US,31.0,575.77,0.0,33.8361,-81.1637,1349888.0,3.0,"us-east1-b, us-east1-c, us-east1-d",2.0,0,0.0,0.0,1.0,1.0,"Google Axion",3.0,3.0,3.0,1.0,"Google Axion","","","",8.0,"","",16.0,263168.0,0.0,10.0,0.0,0.0,"",0.0,0.0,1.0,0.0898,0.04708,65.554,43.2306,29.5066,34.3684,80.3,124.1,50.005,44.7198,21.024,21.024,21.024,32.85,32.85,32.85,67.16
c4a-standard-32,c4a,General-purpose,"32 vCPUs, 128 GB RAM",us,us-east1,"South Carolina","Moncks Corner, South Carolina, USA",US,31.0,575.77,0.0,33.8361,-81.1637,1349888.0,3.0,"us-east1-b, us-east1-c, us-east1-d",32.0,0,0.0,0.0,1.0,1.0,"Google Axion",3.0,3.0,3.0,1.0,"Google Axion","","","",128.0,"","",32.0,524288.0,0.0,23.0,50.0,0.0,"",0.0,0.0,1.0,1.4368,0.75328,1048.864,691.6896,472.1056,549.8944,80.3,299.3,119.939,107.748,252.288,252.288,252.288,379.6,379.6,379.6,1074.56
c4a-standard-32-lssd,c4a,General-purpose,"32 vCPUs, 128 GB RAM, 6 local SSD",us,us-east1,"South Carolina","Moncks Corner, South Carolina, USA",US,31.0,575.77,0.0,33.8361,-81.1637,1349888.0,3.0,"us-east1-b, us-east1-c, us-east1-d",32.0,0,0.0,0.0,1.0,1.0,"Google Axion",3.0,3.0,3.0,1.0,"Google Axion","","","",128.0,"","",32.0,524288.0,1.0,23.0,50.0,0.0,"",0.0,0.0,1.0,1.80666301369863,0.947458082191781,1318.864,869.8896,593.6056,691.6444,80.3,299.3,119.939,107.748,252.288,252.288,252.288,379.6,379.6,379.6,1074.56
c4a-standard-4,c4a,General-purpose,"4 vCPUs, 16 GB RAM",us,us-east1,"South Carolina","Moncks Corner, South Carolina, USA",US,31.0,575.77,0.0,33.8361,-81.1637,1349888.0,3.0,"us-east1-b, us-east1-c, us-east1-d",4.0,0,0.0,0.0,1.0,1.0,"Google Axion",3.0,3.0,3.0,1.0,"Google Axion","","","",16.0,"","",16.0,263168.0,0.0,23.0,0.0,0.0,"",0.0,0.0,1.0,0.1796,0.09416,131.108,86.4612,59.0132,68.7368,80.3,248.2,100.01,89.425,42.048,42.048,42.048,65.7,65.7,65.7,134.32
c4a-standard-4-lssd,c4a,General-purpose,"4 vCPUs, 16 GB RAM, 1 local SSD",us,us-east1,"South Carolina","Moncks Corner, South Carolina, USA",US,31.0,575.77,0.0,33.8361,-81.1637,1349888.0,3.0,"us-east1-b, us-east1-c, us-east1-d",4.0,0,0.0,0.0,1.0,1.0,"Google Axion",3.0,3.0,3.0,1.0,"Google Axion","","","",16.0,"","",16.0,263168.0,1.0,23.0,0.0,0.0,"",0.0,0.0,1.0,0.241243835616438,0.12652301369863,176.108,116.1612,79.2632,92.3618,80.3,248.2,100.01,89.425,42.048,42.048,42.048,65.7,65.7,65.7,134.32
c4a-standard-48,c4a,General-purpose,"48 vCPUs, 192 GB RAM",us,us-east1,"South Carolina","Moncks Corner, South Carolina, USA",US,31.0,575.77,0.0,33.8361,-81.1637,1349888.0,3.0,"us-east1-b, us-east1-c, us-east1-d",48.0,0,0.0,0.0,1.0,1.0,"Google Axion",3.0,3.0,3.0,1.0,"Google Axion","","","",192.0,"","",32.0,524288.0,0.0,34.0,50.0,0.0,"",0.0,0.0,1.0,2.1552,1.12992,1573.296,1037.5344,708.1584,824.8416,80.3,299.3,119.939,107.748,378.432,378.432,378.432,569.4,569.4,569.4,1611.84
c4a-standard-48-lssd,c4a,General-purpose,"48 vCPUs, 192 GB RAM, 10 local SSD",us,us-east1,"South Carolina","Moncks Corner, South Carolina, USA",US,31.0,575.77,0.0,33.8361,-81.1637,1349888.0,3.0,"us-east1-b, us-east1-c, us-east1-d",48.0,0,0.0,0.0,1.0,1.0,"Google Axion",3.0,3.0,3.0,1.0,"Google Axion","","","",192.0,"","",32.0,524288.0,1.0,34.0,50.0,0.0,"",0.0,0.0,1.0,2.77163835616438,1.4535501369863,2023.296,1334.5344,910.6584,1061.0916,80.3,299.3,119.939,107.748,378.432,378.432,378.432,569.4,569.4,569.4,1611.84
c4a-standard-64,c4a,General-purpose,"64 vCPUs, 256 GB RAM",us,us-east1,"South Carolina","Moncks Corner, South Carolina, USA",US,31.0,575.77,0.0,33.8361,-81.1637,1349888.0,3.0,"us-east1-b, us-east1-c, us-east1-d",64.0,0,0.0,0.0,1.0,1.0,"Google Axion",3.0,3.0,3.0,1.0,"Google Axion","","","",256.0,"","",64.0,524288.0,0.0,45.0,75.0,0.0,"",0.0,0.0,1.0,2.8736,1.50656,2097.728,1383.3792,944.2112,1099.7888,80.3,299.3,119.939,107.748,504.576,504.576,504.576,759.2,759.2,759.2,2149.12
c4a-standard-64-lssd,c4a,General-purpose,"64 vCPUs, 256 GB RAM, 14 local SSD",us,us-east1,"South Carolina","Moncks Corner, South Carolina, USA",US,31.0,575.77,0.0,33.8361,-81.1637,1349888.0,3.0,"us-east1-b, us-east1-c, us-east1-d",64.0,0,0.0,0.0,1.0,1.0,"Google Axion",3.0,3.0,3.0,1.0,"Google Axion","","","",256.0,"","",64.0,524288.0,1.0,45.0,75.0,0.0,"",0.0,0.0,1.0,3.73661369863014,1.95964219178082,2727.728,1799.1792,1227.7112,1430.5388,80.3,299.3,119.939,107.748,504.576,504.576,504.576,759.2,759.2,759.2,2149.12
c4a-standard-72,c4a,General-purpose,"72 vCPUs, 288 GB RAM",us,us-east1,"South Carolina","Moncks Corner, South Carolina, USA",US,31.0,575.77,0.0,33.8361,-81.1637,1349888.0,3.0,"us-east1-b, us-east1-c, us-east1-d",72.0,0,0.0,0.0,1.0,1.0,"Google Axion",3.0,3.0,3.0,1.0,"Google Axion","","","",288.0,"","",128.0,524288.0,0.0,50.0,100.0,0.0,"",0.0,0.0,1.0,3.2328,1.69488,2359.944,1556.3016,1062.2376,1237.2624,80.3,299.3,119.939,107.748,567.648,567.648,567.648,854.1,854.1,854.1,2417.76
c4a-standard-72-lssd,c4a,General-purpose,"72 vCPUs, 288 GB RAM, 16 local SSD",us,us-east1,"South Carolina","Moncks Corner, South Carolina, USA",US,31.0,575.77,0.0,33.8361,-81.1637,1349888.0,3.0,"us-east1-b, us-east1-c, us-east1-d",72.0,0,0.0,0.0,1.0,1.0,"Google Axion",3.0,3.0,3.0,1.0,"Google Axion","","","",288.0,"","",128.0,524288.0,1.0,50.0,100.0,0.0,"",0.0,0.0,1.0,4.21910136986301,2.21268821917808,3079.944,2031.5016,1386.2376,1615.2624,80.3,299.3,119.939,107.748,567.648,567.648,567.648,854.1,854.1,854.1,2417.76
c4a-standard-8,c4a,General-purpose,"8 vCPUs, 32 GB RAM",us,us-east1,"South Carolina","Moncks Corner, South Carolina, USA",US,31.0,575.77,0.0,33.8361,-81.1637,1349888.0,3.0,"us-east1-b, us-east1-c, us-east1-d",8.0,0,0.0,0.0,1.0,1.0,"Google Axion",3.0,3.0,3.0,1.0,"Google Axion","","","",32.0,"","",32.0,263168.0,0.0,23.0,0.0,0.0,"",0.0,0.0,1.0,0.3592,0.18832,262.216,172.9224,118.0264,137.4736,80.3,299.3,119.939,107.748,84.096,84.096,84.096,131.4,131.4,131.4,268.64
c4a-standard-8-lssd,c4a,General-purpose,"8 vCPUs, 32 GB RAM, 2 local SSD",us,us-east1,"South Carolina","Moncks Corner, South Carolina, USA",US,31.0,575.77,0.0,33.8361,-81.1637,1349888.0,3.0,"us-east1-b, us-east1-c, us-east1-d",8.0,0,0.0,0.0,1.0,1.0,"Google Axion",3.0,3.0,3.0,1.0,"Google Axion","","","",32.0,"","",32.0,263168.0,1.0,23.0,0.0,0.0,"",0.0,0.0,1.0,0.482487671232877,0.25304602739726,352.216,232.3224,158.5264,184.7236,80.3,299.3,119.939,107.748,84.096,84.096,84.096,131.4,131.4,131.4,268.64
c4d-highcpu-16,c4d,General-purpose,"16 vCPUs, 30 GB RAM",us,us-east1,"South Carolina","Moncks Corner, South Carolina, USA",US,31.0,575.77,0.0,33.8361,-81.1637,1349888.0,3.0,"us-east1-b, us-east1-c, us-east1-d",16.0,0,0.0,1.0,0.0,1.0,"AMD Turin",2.7,3.5,4.1,1.0,"AMD Turin","","","",30.0,"","",32.0,263168.0,0.0,20.0,0.0,0.0,"",0.0,0.0,1.0,0.63585644,0.27106847,464.1752012,292.4307511,208.8788128,197.8799831,80.3,299.3,119.939,107.748,126.144,126.144,126.144,189.8,189.8,189.8,537.28
c4d-highcpu-192,c4d,General-purpose,"192 vCPUs, 360 GB RAM",us,us-east1,"South Carolina","Moncks Corner, South Carolina, USA",US,31.0,575.77,0.0,33.8361,-81.1637,1349888.0,3.0,"us-east1-b, us-east1-c, us-east1-d",192.0,0,0.0,1.0,0.0,1.0,"AMD Turin",2.7,3.5,4.1,1.0,"AMD Turin","","","",360.0,"","",128.0,524288.0,0.0,100.0,150.0,0.0,"",0.0,0.0,1.0,7.63027728,3.25282164,5570.1024144,3509.1690132,2506.5457536,2374.5597972,80.3,299.3,119.939,107.748,1345.536,1345.536,1345.536,2102.4,2102.4,2102.4,6447.36
c4d-highcpu-2,c4d,General-purpose,"2 vCPUs, 3 GB RAM",us,us-east1,"South Carolina","Moncks Corner, South Carolina, USA",US,31.0,575.77,0.0,33.8361,-81.1637,1349888.0,3.0,"us-east1-b, us-east1-c, us-east1-d",2.0,0,0.0,1.0,0.0,1.0,"AMD Turin",2.7,3.5,4.1,1.0,"AMD Turin","","","",3.0,"","",4.0,263168.0,0.0,10.0,0.0,0.0,"",0.0,0.0,1.0,0.076667044,0.032682847,55.96694212,35.25920951,25.18512848,23.85847831,80.3,124.1,50.005,44.7198,21.024,21.024,21.024,32.85,32.85,32.85,67.16
c4d-highcpu-32,c4d,General-purpose,"32 vCPUs, 60 GB RAM",us,us-east1,"South Carolina","Moncks Corner, South Carolina, USA",US,31.0,575.77,0.0,33.8361,-81.1637,1349888.0,3.0,"us-east1-b, us-east1-c, us-east1-d",32.0,0,0.0,1.0,0.0,1.0,"AMD Turin",2.7,3.5,4.1,1.0,"AMD Turin","","","",60.0,"","",32.0,524288.0,0.0,23.0,0.0,0.0,"",0.0,0.0,1.0,1.27171288,0.54213694,928.3504024,584.8615022,417.7576256,395.7599662,80.3,299.3,119.939,107.748,252.288,252.288,252.288,379.6,379.6,379.6,1074.56
c4d-highcpu-384,c4d,General-purpose,"384 vCPUs, 720 GB RAM",us,us-east1,"South Carolina","Moncks Corner, South Carolina, USA",US,31.0,575.77,0.0,33.8361,-81.1637,1349888.0,3.0,"us-east1-b, us-east1-c, us-east1-d",384.0,0,0.0,1.0,0.0,1.0,"AMD Turin",2.7,3.5,4.1,1.0,"AMD Turin","","","",720.0,"","",128.0,524288.0,0.0,100.0,200.0,0.0,"",0.0,0.0,1.0,15.26055456,6.50564328,11140.2048288,7018.3380264,5013.0915072,4749.1195944,80.3,299.3,119.939,107.748,2691.072,2691.072,2691.072,4204.8,4204.8,4204.8,12894.72
c4d-highcpu-4,c4d,General-purpose,"4 vCPUs, 7 GB RAM",us,us-east1,"South Carolina","Moncks Corner, South Carolina, USA",US,31.0,575.77,0.0,33.8361,-81.1637,1349888.0,3.0,"us-east1-b, us-east1-c, us-east1-d",4.0,0,0.0,1.0,0.0,1.0,"AMD Turin",2.7,3.5,4.1,1.0,"AMD Turin","","","",7.0,"","",8.0,263168.0,0.0,20.0,0.0,0.0,"",0.0,0.0,1.0,0.157087436,0.066966643,114.67382828,72.24459819,51.60322112,48.88564939,80.3,248.2,100.01,89.425,42.048,42.048,42.048,65.7,65.7,65.7,134.32
c4d-highcpu-48,c4d,General-purpose,"48 vCPUs, 90 GB RAM",us,us-east1,"South Carolina","Moncks Corner, South Carolina, USA",US,31.0,575.77,0.0,33.8361,-81.1637,1349888.0,3.0,"us-east1-b, us-east1-c, us-east1-d",48.0,0,0.0,1.0,0.0,1.0,"AMD Turin",2.7,3.5,4.1,1.0,"AMD Turin","","","",90.0,"","",32.0,524288.0,0.0,34.0,50.0,0.0,"",0.0,0.0,1.0,1.90756932,0.81320541,1392.5256036,877.2922533,626.6364384,593.6399493,80.3,299.3,119.939,107.748,378.432,378.432,378.432,569.4,569.4,569.4,1611.84
c4d-highcpu-64,c4d,General-purpose,"64 vCPUs, 120 GB RAM",us,us-east1,"South Carolina","Moncks Corner, South Carolina, USA",US,31.0,575.77,0.0,33.8361,-81.1637,1349888.0,3.0,"us-east1-b, us-east1-c, us-east1-d",64.0,0,0.0,1.0,0.0,1.0,"AMD Turin",2.7,3.5,4.1,1.0,"AMD Turin","","","",120.0,"","",64.0,524288.0,0.0,45.0,75.0,0.0,"",0.0,0.0,1.0,2.54342576,1.08427388,1856.7008048,1169.7230044,835.5152512,791.5199324,80.3,299.3,119.939,107.748,504.576,504.576,504.576,759.2,759.2,759.2,2149.12
c4d-highcpu-8,c4d,General-purpose,"8 vCPUs, 15 GB RAM",us,us-east1,"South Carolina","Moncks Corner, South Carolina, USA",US,31.0,575.77,0.0,33.8361,-81.1637,1349888.0,3.0,"us-east1-b, us-east1-c, us-east1-d",8.0,0,0.0,1.0,0.0,1.0,"AMD Turin",2.7,3.5,4.1,1.0,"AMD Turin","","","",15.0,"","",16.0,263168.0,0.0,20.0,0.0,0.0,"",0.0,0.0,1.0,0.31792822,0.135534235,232.0876006,146.21537555,104.4394064,98.93999155,80.3,299.3,119.939,107.748,84.096,84.096,84.096,131.4,131.4,131.4,268.64
c4d-highcpu-96,c4d,General-purpose,"96 vCPUs, 180 GB RAM",us,us-east1,"South Carolina","Moncks Corner, South Carolina, USA",US,31.0,575.77,0.0,33.8361,-81.1637,1349888.0,3.0,"us-east1-b, us-east1-c, us-east1-d",96.0,0,0.0,1.0,0.0,1.0,"AMD Turin",2.7,3.5,4.1,1.0,"AMD Turin","","","",180.0,"","",128.0,524288.0,0.0,67.0,100.0,0.0,"",0.0,0.0,1.0,3.81513864,1.62641082,2785.0512072,1754.5845066,1253.2728768,1187.2798986,80.3,299.3,119.939,107.748,756.864,756.864,756.864,1138.8,1138.8,1138.8,3223.68
c4d-highmem-16,c4d,General-purpose,"16 vCPUs, 126 GB RAM",us,us-east1,"South Carolina","Moncks Corner, South Carolina, USA",US,31.0,575.77,0.0,33.8361,-81.1637,1349888.0,3.0,"us-east1-b, us-east1-c, us-east1-d",16.0,0,0.0,1.0,0.0,1.0,"AMD Turin",2.7,3.5,4.1,1.0,"AMD Turin","","","",126.0,"","",32.0,263168.0,0.0,20.0,0.0,0.0,"",0.0,0.0,1.0,0.996177848,0.424759574,727.20982904,458.14395142,327.24337216,310.07448902,80.3,299.3,119.939,107.748,126.144,126.144,126.144,189.8,189.8,189.8,537.28
c4d-highmem-16-lssd,c4d,General-purpose,"16 vCPUs, 126 GB RAM, 1 local SSD",us,us-east1,"South Carolina","Moncks Corner, South Carolina, USA",US,31.0,575.77,0.0,33.8361,-81.1637,1349888.0,3.0,"us-east1-b, us-east1-c, us-east1-d",16.0,0,0.0,1.0,0.0,1.0,"AMD Turin",2.7,3.5,4.1,1.0,"AMD Turin","","","",126.0,"","",32.0,263168.0,1.0,20.0,0.0,0.0,"",0.0,0.0,1.0,1.07836962882192,0.45989656030137,787.20982904,495.94395142,354.24337216,335.72448902,80.3,299.3,119.939,107.748,126.144,126.144,126.144,189.8,189.8,189.8,537.28
c4d-highmem-192,c4d,General-purpose,"192 vCPUs, 1512 GB RAM",us,us-east1,"South Carolina","Moncks Corner, South Carolina, USA",US,31.0,575.77,0.0,33.8361,-81.1637,1349888.0,3.0,"us-east1-b, us-east1-c, us-east1-d",192.0,0,0.0,1.0,0.0,1.0,"AMD Turin",2.7,3.5,4.1,1.0,"AMD Turin","","","",1512.0,"","",128.0,524288.0,0.0,100.0,150.0,0.0,"",0.0,0.0,1.0,11.954134176,5.097114888,8726.51794848,5497.72741704,3926.92046592,3720.89386824,80.3,299.3,119.939,107.748,1345.536,1345.536,1345.536,2102.4,2102.4,2102.4,6447.36
c4d-highmem-192-lssd,c4d,General-purpose,"192 vCPUs, 1512 GB RAM, 16 local SSDs",us,us-east1,"South Carolina","Moncks Corner, South Carolina, USA",US,31.0,575.77,0.0,33.8361,-81.1637,1349888.0,3.0,"us-east1-b, us-east1-c, us-east1-d",192.0,0,0.0,1.0,0.0,1.0,"AMD Turin",2.7,3.5,4.1,1.0,"AMD Turin","","","",1512.0,"","",128.0,524288.0,1.0,100.0,150.0,0.0,"",0.0,0.0,1.0,13.2692026691507,5.65930666882192,9686.51794848,6102.52741704,4358.92046592,4131.29386824,80.3,299.3,119.939,107.748,1345.536,1345.536,1345.536,2102.4,2102.4,2102.4,6447.36
c4d-highmem-2,c4d,General-purpose,"2 vCPUs, 15 GB RAM",us,us-east1,"South Carolina","Moncks Corner, South Carolina, USA",US,31.0,575.77,0.0,33.8361,-81.1637,1349888.0,3.0,"us-east1-b, us-east1-c, us-east1-d",2.0,0,0.0,1.0,0.0,1.0,"AMD Turin",2.7,3.5,4.1,1.0,"AMD Turin","","","",15.0,"","",4.0,263168.0,0.0,10.0,0.0,0.0,"",0.0,0.0,1.0,0.12170722,0.051894235,88.8462706,55.97335955,39.9806984,37.88279155,80.3,124.1,50.005,44.7198,21.024,21.024,21.024,32.85,32.85,32.85,67.16
c4d-highmem-32,c4d,General-purpose,"32 vCPUs, 252 GB RAM",us,us-east1,"South Carolina","Moncks Corner, South Carolina, USA",US,31.0,575.77,0.0,33.8361,-81.1637,1349888.0,3.0,"us-east1-b, us-east1-c, us-east1-d",32.0,0,0.0,1.0,0.0,1.0,"AMD Turin",2.7,3.5,4.1,1.0,"AMD Turin","","","",252.0,"","",32.0,524288.0,0.0,23.0,0.0,0.0,"",0.0,0.0,1.0,1.992355696,0.849519148,1454.41965808,916.28790284,654.48674432,620.14897804,80.3,299.3,119.939,107.748,252.288,252.288,252.288,379.6,379.6,379.6,1074.56
c4d-highmem-32-lssd,c4d,General-purpose,"32 vCPUs, 252 GB RAM, 2 local SSDs",us,us-east1,"South Carolina","Moncks Corner, South Carolina, USA",US,31.0,575.77,0.0,33.8361,-81.1637,1349888.0,3.0,"us-east1-b, us-east1-c, us-east1-d",32.0,0,0.0,1.0,0.0,1.0,"AMD Turin",2.7,3.5,4.1,1.0,"AMD Turin","","","",252.0,"","",32.0,524288.0,1.0,23.0,0.0,0.0,"",0.0,0.0,1.0,2.15673925764384,0.91979312060274,1574.41965808,991.88790284,708.48674432,671.44897804,80.3,299.3,119.939,107.748,252.288,252.288,252.288,379.6,379.6,379.6,1074.56
c4d-highmem-384,c4d,General-purpose,"384 vCPUs, 3024 GB RAM",us,us-east1,"South Carolina","Moncks Corner, South Carolina, USA",US,31.0,575.77,0.0,33.8361,-81.1637,1349888.0,3.0,"us-east1-b, us-east1-c, us-east1-d",384.0,0,0.0,1.0,0.0,1.0,"AMD Turin",2.7,3.5,4.1,1.0,"AMD Turin","","","",3024.0,"","",128.0,524288.0,0.0,100.0,200.0,0.0,"",0.0,0.0,1.0,23.908268352,10.194229776,17453.03589696,10995.45483408,7853.84093184,7441.78773648,80.3,299.3,119.939,107.748,2691.072,2691.072,2691.072,4204.8,4204.8,4204.8,12894.72
c4d-highmem-384-lssd,c4d,General-purpose,"384 vCPUs, 3024 GB RAM, 32 local SSDs",us,us-east1,"South Carolina","Moncks Corner, South Carolina, USA",US,31.0,575.77,0.0,33.8361,-81.1637,1349888.0,3.0,"us-east1-b, us-east1-c, us-east1-d",384.0,0,0.0,1.0,0.0,1.0,"AMD Turin",2.7,3.5,4.1,1.0,"AMD Turin","","","",3024.0,"","",128.0,524288.0,1.0,100.0,200.0,0.0,"",0.0,0.0,1.0,26.5384053383014,11.3186133376438,19373.03589696,12205.05483408,8717.84093184,8262.58773648,80.3,299.3,119.939,107.748,2691.072,2691.072,2691.072,4204.8,4204.8,4204.8,12894.72
c4d-highmem-4,c4d,General-purpose,"4 vCPUs, 31 GB RAM",us,us-east1,"South Carolina","Moncks Corner, South Carolina, USA",US,31.0,575.77,0.0,33.8361,-81.1637,1349888.0,3.0,"us-east1-b, us-east1-c, us-east1-d",4.0,0,0.0,1.0,0.0,1.0,"AMD Turin",2.7,3.5,4.1,1.0,"AMD Turin","","","",31.0,"","",8.0,263168.0,0.0,20.0,0.0,0.0,"",0.0,0.0,1.0,0.247167788,0.105389419,180.43248524,113.67289827,81.19436096,76.93427587,80.3,248.2,100.01,89.425,42.048,42.048,42.048,65.7,65.7,65.7,134.32
c4d-highmem-48,c4d,General-purpose,"48 vCPUs, 378 GB RAM",us,us-east1,"South Carolina","Moncks Corner, South Carolina, USA",US,31.0,575.77,0.0,33.8361,-81.1637,1349888.0,3.0,"us-east1-b, us-east1-c, us-east1-d",48.0,0,0.0,1.0,0.0,1.0,"AMD Turin",2.7,3.5,4.1,1.0,"AMD Turin","","","",378.0,"","",32.0,524288.0,0.0,34.0,50.0,0.0,"",0.0,0.0,1.0,2.988533544,1.274278722,2181.62948712,1374.43185426,981.73011648,930.22346706,80.3,299.3,119.939,107.748,378.432,378.432,378.432,569.4,569.4,569.4,1611.84
c4d-highmem-48-lssd,c4d,General-purpose,"48 vCPUs, 378 GB RAM, 4 local SSDs",us,us-east1,"South Carolina","Moncks Corner, South Carolina, USA",US,31.0,575.77,0.0,33.8361,-81.1637,1349888.0,3.0,"us-east1-b, us-east1-c, us-east1-d",48.0,0,0.0,1.0,0.0,1.0,"AMD Turin",2.7,3.5,4.1,1.0,"AMD Turin","","","",378.0,"","",32.0,524288.0,1.0,34.0,50.0,0.0,"",0.0,0.0,1.0,3.31730066728767,1.41482666720548,2421.62948712,1525.63185426,1089.73011648,1032.82346706,80.3,299.3,119.939,107.748,378.432,378.432,378.432,569.4,569.4,569.4,1611.84
c4d-highmem-64,c4d,General-purpose,"64 vCPUs, 504 GB RAM",us,us-east1,"South Carolina","Moncks Corner, South Carolina, USA",US,31.0,575.77,0.0,33.8361,-81.1637,1349888.0,3.0,"us-east1-b, us-east1-c, us-east1-d",64.0,0,0.0,1.0,0.0,1.0,"AMD Turin",2.7,3.5,4.1,1.0,"AMD Turin","","","",504.0,"","",64.0,524288.0,0.0,45.0,75.0,0.0,"",0.0,0.0,1.0,3.984711392,1.699038296,2908.83931616,1832.57580568,1308.97348864,1240.29795608,80.3,299.3,119.939,107.748,504.576,504.576,504.576,759.2,759.2,759.2,2149.12
c4d-highmem-64-lssd,c4d,General-purpose,"64 vCPUs, 504 GB RAM, 6 local SSDs",us,us-east1,"South Carolina","Moncks Corner, South Carolina, USA",US,31.0,575.77,0.0,33.8361,-81.1637,1349888.0,3.0,"us-east1-b, us-east1-c, us-east1-d",64.0,0,0.0,1.0,0.0,1.0,"AMD Turin",2.7,3.5,4.1,1.0,"AMD Turin","","","",504.0,"","",64.0,524288.0,1.0,45.0,75.0,0.0,"",0.0,0.0,1.0,4.47786207693151,1.90986021380822,3268.83931616,2059.37580568,1470.97348864,1394.19795608,80.3,299.3,119.939,107.748,504.576,504.576,504.576,759.2,759.2,759.2,2149.12
c4d-highmem-8,c4d,General-purpose,"8 vCPUs, 63 GB RAM",us,us-east1,"South Carolina","Moncks Corner, South Carolina, USA",US,31.0,575.77,0.0,33.8361,-81.1637,1349888.0,3.0,"us-east1-b, us-east1-c, us-east1-d",8.0,0,0.0,1.0,0.0,1.0,"AMD Turin",2.7,3.5,4.1,1.0,"AMD Turin","","","",63.0,"","",16.0,263168.0,0.0,20.0,0.0,0.0,"",0.0,0.0,1.0,0.498088924,0.212379787,363.60491452,229.07197571,163.62168608,155.03724451,80.3,299.3,119.939,107.748,84.096,84.096,84.096,131.4,131.4,131.4,268.64
c4d-highmem-8-lssd,c4d,General-purpose,"8 vCPUs, 63 GB RAM, 1 local SSD",us,us-east1,"South Carolina","Moncks Corner, South Carolina, USA",US,31.0,575.77,0.0,33.8361,-81.1637,1349888.0,3.0,"us-east1-b, us-east1-c, us-east1-d",8.0,0,0.0,1.0,0.0,1.0,"AMD Turin",2.7,3.5,4.1,1.0,"AMD Turin","","","",63.0,"","",16.0,263168.0,1.0,20.0,0.0,0.0,"",0.0,0.0,1.0,0.580280704821918,0.24751677330137,423.60491452,266.87197571,190.62168608,180.68724451,80.3,299.3,119.939,107.748,84.096,84.096,84.096,131.4,131.4,131.4,268.64
c4d-highmem-96,c4d,General-purpose,"96 vCPUs, 756 GB RAM",us,us-east1,"South Carolina","Moncks Corner, South Carolina, USA",US,31.0,575.77,0.0,33.8361,-81.1637,1349888.0,3.0,"us-east1-b, us-east1-c, us-east1-d",96.0,0,0.0,1.0,0.0,1.0,"AMD Turin",2.7,3.5,4.1,1.0,"AMD Turin","","","",756.0,"","",128.0,524288.0,0.0,67.0,100.0,0.0,"",0.0,0.0,1.0,5.977067088,2.548557444,4363.25897424,2748.86370852,1963.46023296,1860.44693412,80.3,299.3,119.939,107.748,756.864,756.864,756.864,1138.8,1138.8,1138.8,3223.68
c4d-highmem-96-lssd,c4d,General-purpose,"96 vCPUs, 756 GB RAM, 8 local SSDs",us,us-east1,"South Carolina","Moncks Corner, South Carolina, USA",US,31.0,575.77,0.0,33.8361,-81.1637,1349888.0,3.0,"us-east1-b, us-east1-c, us-east1-d",96.0,0,0.0,1.0,0.0,1.0,"AMD Turin",2.7,3.5,4.1,1.0,"AMD Turin","","","",756.0,"","",128.0,524288.0,1.0,67.0,100.0,0.0,"",0.0,0.0,1.0,6.63460133457534,2.82965333441096,4843.25897424,3051.26370852,2179.46023296,2065.64693412,80.3,299.3,119.939,107.748,756.864,756.864,756.864,1138.8,1138.8,1138.8,3223.68
c4d-standard-16,c4d,General-purpose,"16 vCPUs, 62 GB RAM",us,us-east1,"South Carolina","Moncks Corner, South Carolina, USA",US,31.0,575.77,0.0,33.8361,-81.1637,1349888.0,3.0,"us-east1-b, us-east1-c, us-east1-d",16.0,0,0.0,1.0,0.0,1.0,"AMD Turin",2.7,3.5,4.1,1.0,"AMD Turin","","","",62.0,"","",32.0,263168.0,0.0,20.0,0.0,0.0,"",0.0,0.0,1.0,0.755963576,0.322298838,551.85341048,347.66848454,248.33366592,235.27815174,80.3,299.3,119.939,107.748,126.144,126.144,126.144,189.8,189.8,189.8,537.28
c4d-standard-16-lssd,c4d,General-purpose,"16 vCPUs, 62 GB RAM, 1 local SSD",us,us-east1,"South Carolina","Moncks Corner, South Carolina, USA",US,31.0,575.77,0.0,33.8361,-81.1637,1349888.0,3.0,"us-east1-b, us-east1-c, us-east1-d",16.0,0,0.0,1.0,0.0,1.0,"AMD Turin",2.7,3.5,4.1,1.0,"AMD Turin","","","",62.0,"","",32.0,263168.0,1.0,20.0,0.0,0.0,"",0.0,0.0,1.0,0.838155356821918,0.35743582430137,611.85341048,385.46848454,275.33366592,260.92815174,80.3,299.3,119.939,107.748,126.144,126.144,126.144,189.8,189.8,189.8,537.28
c4d-standard-192,c4d,General-purpose,"192 vCPUs, 744 GB RAM",us,us-east1,"South Carolina","Moncks Corner, South Carolina, USA",US,31.0,575.77,0.0,33.8361,-81.1637,1349888.0,3.0,"us-east1-b, us-east1-c, us-east1-d",192.0,0,0.0,1.0,0.0,1.0,"AMD Turin",2.7,3.5,4.1,1.0,"AMD Turin","","","",744.0,"","",128.0,524288.0,0.0,100.0,150.0,0.0,"",0.0,0.0,1.0,9.071562912,3.867586056,6622.24092576,4172.02181448,2980.00399104,2823.33782088,80.3,299.3,119.939,107.748,1345.536,1345.536,1345.536,2102.4,2102.4,2102.4,6447.36
c4d-standard-192-lssd,c4d,General-purpose,"192 vCPUs, 744 GB RAM, 16 local SSDs",us,us-east1,"South Carolina","Moncks Corner, South Carolina, USA",US,31.0,575.77,0.0,33.8361,-81.1637,1349888.0,3.0,"us-east1-b, us-east1-c, us-east1-d",192.0,0,0.0,1.0,0.0,1.0,"AMD Turin",2.7,3.5,4.1,1.0,"AMD Turin","","","",744.0,"","",128.0,524288.0,1.0,100.0,150.0,0.0,"",0.0,0.0,1.0,10.3866314051507,4.42977783682192,7582.24092576,4776.82181448,3412.00399104,3233.73782088,80.3,299.3,119.939,107.748,1345.536,1345.536,1345.536,2102.4,2102.4,2102.4,6447.36
c4d-standard-2,c4d,General-purpose,"2 vCPUs, 7 GB RAM",us,us-east1,"South Carolina","Moncks Corner, South Carolina, USA",US,31.0,575.77,0.0,33.8361,-81.1637,1349888.0,3.0,"us-east1-b, us-east1-c, us-east1-d",2.0,0,0.0,1.0,0.0,1.0,"AMD Turin",2.7,3.5,4.1,1.0,"AMD Turin","","","",7.0,"","",4.0,263168.0,0.0,10.0,0.0,0.0,"",0.0,0.0,1.0,0.091680436,0.039086643,66.92671828,42.16392619,30.11698512,28.53324939,80.3,124.1,50.005,44.7198,21.024,21.024,21.024,32.85,32.85,32.85,67.16
c4d-standard-32,c4d,General-purpose,"32 vCPUs, 124 GB RAM",us,us-east1,"South Carolina","Moncks Corner, South Carolina, USA",US,31.0,575.77,0.0,33.8361,-81.1637,1349888.0,3.0,"us-east1-b, us-east1-c, us-east1-d",32.0,0,0.0,1.0,0.0,1.0,"AMD Turin",2.7,3.5,4.1,1.0,"AMD Turin","","","",124.0,"","",32.0,524288.0,0.0,23.0,0.0,0.0,"",0.0,0.0,1.0,1.511927152,0.644597676,1103.70682096,695.33696908,496.66733184,470.55630348,80.3,299.3,119.939,107.748,252.288,252.288,252.288,379.6,379.6,379.6,1074.56
c4d-standard-32-lssd,c4d,General-purpose,"32 vCPUs, 124 GB RAM, 2 local SSDs",us,us-east1,"South Carolina","Moncks Corner, South Carolina, USA",US,31.0,575.77,0.0,33.8361,-81.1637,1349888.0,3.0,"us-east1-b, us-east1-c, us-east1-d",32.0,0,0.0,1.0,0.0,1.0,"AMD Turin",2.7,3.5,4.1,1.0,"AMD Turin","","","",124.0,"","",32.0,524288.0,1.0,23.0,0.0,0.0,"",0.0,0.0,1.0,1.67631071364384,0.71487164860274,1223.70682096,770.93696908,550.66733184,521.85630348,80.3,299.3,119.939,107.748,252.288,252.288,252.288,379.6,379.6,379.6,1074.56
c4d-standard-384,c4d,General-purpose,"384 vCPUs, 1488 GB RAM",us,us-east1,"South Carolina","Moncks Corner, South Carolina, USA",US,31.0,575.77,0.0,33.8361,-81.1637,1349888.0,3.0,"us-east1-b, us-east1-c, us-east1-d",384.0,0,0.0,1.0,0.0,1.0,"AMD Turin",2.7,3.5,4.1,1.0,"AMD Turin","","","",1488.0,"","",128.0,524288.0,0.0,100.0,200.0,0.0,"",0.0,0.0,1.0,18.143125824,7.735172112,13244.48185152,8344.04362896,5960.00798208,5646.67564176,80.3,299.3,119.939,107.748,2691.072,2691.072,2691.072,4204.8,4204.8,4204.8,12894.72
c4d-standard-384-lssd,c4d,General-purpose,"384 vCPUs, 1488 GB RAM, 32 local SSDs",us,us-east1,"South Carolina","Moncks Corner, South Carolina, USA",US,31.0,575.77,0.0,33.8361,-81.1637,1349888.0,3.0,"us-east1-b, us-east1-c, us-east1-d",384.0,0,0.0,1.0,0.0,1.0,"AMD Turin",2.7,3.5,4.1,1.0,"AMD Turin","","","",1488.0,"","",128.0,524288.0,1.0,100.0,200.0,0.0,"",0.0,0.0,1.0,20.7732628103014,8.85955567364384,15164.48185152,9553.64362896,6824.00798208,6467.47564176,80.3,299.3,119.939,107.748,2691.072,2691.072,2691.072,4204.8,4204.8,4204.8,12894.72
c4d-standard-4,c4d,General-purpose,"4 vCPUs, 15 GB RAM",us,us-east1,"South Carolina","Moncks Corner, South Carolina, USA",US,31.0,575.77,0.0,33.8361,-81.1637,1349888.0,3.0,"us-east1-b, us-east1-c, us-east1-d",4.0,0,0.0,1.0,0.0,1.0,"AMD Turin",2.7,3.5,4.1,1.0,"AMD Turin","","","",15.0,"","",8.0,263168.0,0.0,20.0,0.0,0.0,"",0.0,0.0,1.0,0.18711422,0.079774235,136.5933806,86.05403155,61.4669344,58.23519155,80.3,248.2,100.01,89.425,42.048,42.048,42.048,65.7,65.7,65.7,134.32
c4d-standard-48,c4d,General-purpose,"48 vCPUs, 186 GB RAM",us,us-east1,"South Carolina","Moncks Corner, South Carolina, USA",US,31.0,575.77,0.0,33.8361,-81.1637,1349888.0,3.0,"us-east1-b, us-east1-c, us-east1-d",48.0,0,0.0,1.0,0.0,1.0,"AMD Turin",2.7,3.5,4.1,1.0,"AMD Turin","","","",186.0,"","",32.0,524288.0,0.0,34.0,50.0,0.0,"",0.0,0.0,1.0,2.267890728,0.966896514,1655.56023144,1043.00545362,745.00099776,705.83445522,80.3,299.3,119.939,107.748,378.432,378.432,378.432,569.4,569.4,569.4,1611.84
c4d-standard-48-lssd,c4d,General-purpose,"48 vCPUs, 186 GB RAM, 4 local SSDs",us,us-east1,"South Carolina","Moncks Corner, South Carolina, USA",US,31.0,575.77,0.0,33.8361,-81.1637,1349888.0,3.0,"us-east1-b, us-east1-c, us-east1-d",48.0,0,0.0,1.0,0.0,1.0,"AMD Turin",2.7,3.5,4.1,1.0,"AMD Turin","","","",186.0,"","",32.0,524288.0,1.0,34.0,50.0,0.0,"",0.0,0.0,1.0,2.59665785128767,1.10744445920548,1895.56023144,1194.20545362,853.00099776,808.43445522,80.3,299.3,119.939,107.748,378.432,378.432,378.432,569.4,569.4,569.4,1611.84
c4d-standard-64,c4d,General-purpose,"64 vCPUs, 248 GB RAM",us,us-east1,"South Carolina","Moncks Corner, South Carolina, USA",US,31.0,575.77,0.0,33.8361,-81.1637,1349888.0,3.0,"us-east1-b, us-east1-c, us-east1-d",64.0,0,0.0,1.0,0.0,1.0,"AMD Turin",2.7,3.5,4.1,1.0,"AMD Turin","","","",248.0,"","",64.0,524288.0,0.0,45.0,75.0,0.0,"",0.0,0.0,1.0,3.023854304,1.289195352,2207.41364192,1390.67393816,993.33466368,941.11260696,80.3,299.3,119.939,107.748,504.576,504.576,504.576,759.2,759.2,759.2,2149.12
c4d-standard-64-lssd,c4d,General-purpose,"64 vCPUs, 248 GB RAM, 6 local SSDs",us,us-east1,"South Carolina","Moncks Corner, South Carolina, USA",US,31.0,575.77,0.0,33.8361,-81.1637,1349888.0,3.0,"us-east1-b, us-east1-c, us-east1-d",64.0,0,0.0,1.0,0.0,1.0,"AMD Turin",2.7,3.5,4.1,1.0,"AMD Turin","","","",248.0,"","",64.0,524288.0,1.0,45.0,75.0,0.0,"",0.0,0.0,1.0,3.51700498893151,1.50001726980822,2567.41364192,1617.47393816,1155.33466368,1095.01260696,80.3,299.3,119.939,107.748,504.576,504.576,504.576,759.2,759.2,759.2,2149.12
c4d-standard-8,c4d,General-purpose,"8 vCPUs, 31 GB RAM",us,us-east1,"South Carolina","Moncks Corner, South Carolina, USA",US,31.0,575.77,0.0,33.8361,-81.1637,1349888.0,3.0,"us-east1-b, us-east1-c, us-east1-d",8.0,0,0.0,1.0,0.0,1.0,"AMD Turin",2.7,3.5,4.1,1.0,"AMD Turin","","","",31.0,"","",16.0,263168.0,0.0,20.0,0.0,0.0,"",0.0,0.0,1.0,0.377981788,0.161149419,275.92670524,173.83424227,124.16683296,117.63907587,80.3,299.3,119.939,107.748,84.096,84.096,84.096,131.4,131.4,131.4,268.64
c4d-standard-8-lssd,c4d,General-purpose,"8 vCPUs, 31 GB RAM, 1 local SSD",us,us-east1,"South Carolina","Moncks Corner, South Carolina, USA",US,31.0,575.77,0.0,33.8361,-81.1637,1349888.0,3.0,"us-east1-b, us-east1-c, us-east1-d",8.0,0,0.0,1.0,0.0,1.0,"AMD Turin",2.7,3.5,4.1,1.0,"AMD Turin","","","",31.0,"","",16.0,263168.0,1.0,20.0,0.0,0.0,"",0.0,0.0,1.0,0.460173568821918,0.19628640530137,335.92670524,211.63424227,151.16683296,143.28907587,80.3,299.3,119.939,107.748,84.096,84.096,84.096,131.4,131.4,131.4,268.64
c4d-standard-96,c4d,General-purpose,"96 vCPUs, 372 GB RAM",us,us-east1,"South Carolina","Moncks Corner, South Carolina, USA",US,31.0,575.77,0.0,33.8361,-81.1637,1349888.0,3.0,"us-east1-b, us-east1-c, us-east1-d",96.0,0,0.0,1.0,0.0,1.0,"AMD Turin",2.7,3.5,4.1,1.0,"AMD Turin","","","",372.0,"","",128.0,524288.0,0.0,67.0,100.0,0.0,"",0.0,0.0,1.0,4.535781456,1.933793028,3311.12046288,2086.01090724,1490.00199552,1411.66891044,80.3,299.3,119.939,107.748,756.864,756.864,756.864,1138.8,1138.8,1138.8,3223.68
c4d-standard-96-lssd,c4d,General-purpose,"96 vCPUs, 372 GB RAM, 8 local SSDs",us,us-east1,"South Carolina","Moncks Corner, South Carolina, USA",US,31.0,575.77,0.0,33.8361,-81.1637,1349888.0,3.0,"us-east1-b, us-east1-c, us-east1-d",96.0,0,0.0,1.0,0.0,1.0,"AMD Turin",2.7,3.5,4.1,1.0,"AMD Turin","","","",372.0,"","",128.0,524288.0,1.0,67.0,100.0,0.0,"",0.0,0.0,1.0,5.19331570257534,2.21488891841096,3791.12046288,2388.41090724,1706.00199552,1616.86891044,80.3,299.3,119.939,107.748,756.864,756.864,756.864,1138.8,1138.8,1138.8,3223.68
c4n-highcpu-16,c4n,Network-optimized,"16 vCPUs, 32 GB RAM",us,us-east1,"South Carolina","Moncks Corner, South Carolina, USA",US,31.0,575.77,0.0,33.8361,-81.1637,1349888.0,1.0,us-east1-c,16.0,0,1.0,0.0,0.0,1.0,"Intel Emerald Rapids",2.3,3.1,4.0,1.0,"Intel Emerald Rapids","","","",32.0,"","",128.0,263168.0,0.0,50.0,0.0,0.0,"",0.0,0.0,1.0,1.088672,0.4354688,794.73056,500.677216,317.892224,317.892224,80.3,299.3,119.939,107.748,126.144,126.144,126.144,189.8,189.8,189.8,537.28
c4n-highcpu-192,c4n,Network-optimized,"192 vCPUs, 384 GB RAM",us,us-east1,"South Carolina","Moncks Corner, South Carolina, USA",US,31.0,575.77,0.0,33.8361,-81.1637,1349888.0,1.0,us-east1-c,192.0,0,1.0,0.0,0.0,1.0,"Intel Emerald Rapids",2.3,3.1,4.0,1.0,"Intel Emerald Rapids","","","",384.0,"","",128.0,524288.0,0.0,400.0,0.0,0.0,"",0.0,0.0,1.0,13.064064,5.2256256,9536.76672,6008.126592,3814.706688,3814.706688,80.3,299.3,119.939,107.748,1345.536,1345.536,1345.536,2102.4,2102.4,2102.4,6447.36
c4n-highcpu-2,c4n,Network-optimized,"2 vCPUs, 4 GB RAM",us,us-east1,"South Carolina","Moncks Corner, South Carolina, USA",US,31.0,575.77,0.0,33.8361,-81.1637,1349888.0,1.0,us-east1-c,2.0,0,1.0,0.0,0.0,1.0,"Intel Emerald Rapids",2.3,3.1,4.0,1.0,"Intel Emerald Rapids","","","",4.0,"","",128.0,263168.0,0.0,25.0,0.0,0.0,"",0.0,0.0,1.0,0.136084,0.0544336,99.34132,62.584652,39.736528,39.736528,80.3,124.1,50.005,44.7198,21.024,21.024,21.024,32.85,32.85,32.85,67.16
c4n-highcpu-24,c4n,Network-optimized,"24 vCPUs, 48 GB RAM",us,us-east1,"South Carolina","Moncks Corner, South Carolina, USA",US,31.0,575.77,0.0,33.8361,-81.1637,1349888.0,1.0,us-east1-c,24.0,0,1.0,0.0,0.0,1.0,"Intel Emerald Rapids",2.3,3.1,4.0,1.0,"Intel Emerald Rapids","","","",48.0,"","",128.0,263168.0,0.0,50.0,0.0,0.0,"",0.0,0.0,1.0,1.633008,0.6532032,1192.09584,751.015824,476.838336,476.838336,80.3,299.3,119.939,107.748,189.216,189.216,189.216,284.7,284.7,284.7,805.92
c4n-highcpu-4,c4n,Network-optimized,"4 vCPUs, 8 GB RAM",us,us-east1,"South Carolina","Moncks Corner, South Carolina, USA",US,31.0,575.77,0.0,33.8361,-81.1637,1349888.0,1.0,us-east1-c,4.0,0,1.0,0.0,0.0,1.0,"Intel Emerald Rapids",2.3,3.1,4.0,1.0,"Intel Emerald Rapids","","","",8.0,"","",128.0,263168.0,0.0,30.0,0.0,0.0,"",0.0,0.0,1.0,0.272168,0.1088672,198.68264,125.169304,79.473056,79.473056,80.3,248.2,100.01,89.425,42.048,42.048,42.048,65.7,65.7,65.7,134.32
c4n-highcpu-48,c4n,Network-optimized,"48 vCPUs, 96 GB RAM",us,us-east1,"South Carolina","Moncks Corner, South Carolina, USA",US,31.0,575.77,0.0,33.8361,-81.1637,1349888.0,1.0,us-east1-c,48.0,0,1.0,0.0,0.0,1.0,"Intel Emerald Rapids",2.3,3.1,4.0,1.0,"Intel Emerald Rapids","","","",96.0,"","",128.0,524288.0,0.0,100.0,0.0,0.0,"",0.0,0.0,1.0,3.266016,1.3064064,2384.19168,1502.031648,953.676672,953.676672,80.3,299.3,119.939,107.748,378.432,378.432,378.432,569.4,569.4,569.4,1611.84
c4n-highcpu-8,c4n,Network-optimized,"8 vCPUs, 16 GB RAM",us,us-east1,"South Carolina","Moncks Corner, South Carolina, USA",US,31.0,575.77,0.0,33.8361,-81.1637,1349888.0,1.0,us-east1-c,8.0,0,1.0,0.0,0.0,1.0,"Intel Emerald Rapids",2.3,3.1,4.0,1.0,"Intel Emerald Rapids","","","",16.0,"","",128.0,263168.0,0.0,40.0,0.0,0.0,"",0.0,0.0,1.0,0.544336,0.2177344,397.36528,250.338608,158.946112,158.946112,80.3,299.3,119.939,107.748,84.096,84.096,84.096,131.4,131.4,131.4,268.64
c4n-highcpu-96,c4n,Network-optimized,"96 vCPUs, 192 GB RAM",us,us-east1,"South Carolina","Moncks Corner, South Carolina, USA",US,31.0,575.77,0.0,33.8361,-81.1637,1349888.0,1.0,us-east1-c,96.0,0,1.0,0.0,0.0,1.0,"Intel Emerald Rapids",2.3,3.1,4.0,1.0,"Intel Emerald Rapids","","","",192.0,"","",128.0,524288.0,0.0,200.0,0.0,0.0,"",0.0,0.0,1.0,6.532032,2.6128128,4768.38336,3004.063296,1907.353344,1907.353344,80.3,299.3,119.939,107.748,756.864,756.864,756.864,1138.8,1138.8,1138.8,3223.68
c4n-highmem-16,c4n,Network-optimized,"16 vCPUs, 124 GB RAM",us,us-east1,"South Carolina","Moncks Corner, South Carolina, USA",US,31.0,575.77,0.0,33.8361,-81.1637,1349888.0,1.0,us-east1-c,16.0,0,1.0,0.0,0.0,1.0,"Intel Emerald Rapids",2.3,3.1,4.0,1.0,"Intel Emerald Rapids","","","",124.0,"","",128.0,263168.0,0.0,50.0,0.0,0.0,"",0.0,0.0,1.0,1.668364,0.6673456,1217.90572,767.275552,487.162288,487.162288,80.3,299.3,119.939,107.748,126.144,126.144,126.144,189.8,189.8,189.8,537.28
c4n-highmem-192,c4n,Network-optimized,"192 vCPUs, 1488 GB RAM",us,us-east1,"South Carolina","Moncks Corner, South Carolina, USA",US,31.0,575.77,0.0,33.8361,-81.1637,1349888.0,1.0,us-east1-c,192.0,0,1.0,0.0,0.0,1.0,"Intel Emerald Rapids",2.3,3.1,4.0,1.0,"Intel Emerald Rapids","","","",1488.0,"","",128.0,524288.0,0.0,400.0,0.0,0.0,"",0.0,0.0,1.0,20.020368,8.0081472,14614.86864,9207.306624,5845.947456,5845.947456,80.3,299.3,119.939,107.748,1345.536,1345.536,1345.536,2102.4,2102.4,2102.4,6447.36
c4n-highmem-2,c4n,Network-optimized,"2 vCPUs, 15 GB RAM",us,us-east1,"South Carolina","Moncks Corner, South Carolina, USA",US,31.0,575.77,0.0,33.8361,-81.1637,1349888.0,1.0,us-east1-c,2.0,0,1.0,0.0,0.0,1.0,"Intel Emerald Rapids",2.3,3.1,4.0,1.0,"Intel Emerald Rapids","","","",15.0,"","",128.0,263168.0,0.0,25.0,0.0,0.0,"",0.0,0.0,1.0,0.205395,0.082158,149.93835,94.46054,59.97534,59.97534,80.3,124.1,50.005,44.7198,21.024,21.024,21.024,32.85,32.85,32.85,67.16
c4n-highmem-24,c4n,Network-optimized,"24 vCPUs, 186 GB RAM",us,us-east1,"South Carolina","Moncks Corner, South Carolina, USA",US,31.0,575.77,0.0,33.8361,-81.1637,1349888.0,1.0,us-east1-c,24.0,0,1.0,0.0,0.0,1.0,"Intel Emerald Rapids",2.3,3.1,4.0,1.0,"Intel Emerald Rapids","","","",186.0,"","",128.0,263168.0,0.0,50.0,0.0,0.0,"",0.0,0.0,1.0,2.502546,1.0010184,1826.85858,1150.913328,730.743432,730.743432,80.3,299.3,119.939,107.748,189.216,189.216,189.216,284.7,284.7,284.7,805.92
c4n-highmem-4,c4n,Network-optimized,"4 vCPUs, 31 GB RAM",us,us-east1,"South Carolina","Moncks Corner, South Carolina, USA",US,31.0,575.77,0.0,33.8361,-81.1637,1349888.0,1.0,us-east1-c,4.0,0,1.0,0.0,0.0,1.0,"Intel Emerald Rapids",2.3,3.1,4.0,1.0,"Intel Emerald Rapids","","","",31.0,"","",128.0,263168.0,0.0,30.0,0.0,0.0,"",0.0,0.0,1.0,0.417091,0.1668364,304.47643,191.818888,121.790572,121.790572,80.3,248.2,100.01,89.425,42.048,42.048,42.048,65.7,65.7,65.7,134.32
c4n-highmem-48,c4n,Network-optimized,"48 vCPUs, 372 GB RAM",us,us-east1,"South Carolina","Moncks Corner, South Carolina, USA",US,31.0,575.77,0.0,33.8361,-81.1637,1349888.0,1.0,us-east1-c,48.0,0,1.0,0.0,0.0,1.0,"Intel Emerald Rapids",2.3,3.1,4.0,1.0,"Intel Emerald Rapids","","","",372.0,"","",128.0,524288.0,0.0,100.0,0.0,0.0,"",0.0,0.0,1.0,5.005092,2.0020368,3653.71716,2301.826656,1461.486864,1461.486864,80.3,299.3,119.939,107.748,378.432,378.432,378.432,569.4,569.4,569.4,1611.84
c4n-highmem-8,c4n,Network-optimized,"8 vCPUs, 62 GB RAM",us,us-east1,"South Carolina","Moncks Corner, South Carolina, USA",US,31.0,575.77,0.0,33.8361,-81.1637,1349888.0,1.0,us-east1-c,8.0,0,1.0,0.0,0.0,1.0,"Intel Emerald Rapids",2.3,3.1,4.0,1.0,"Intel Emerald Rapids","","","",62.0,"","",128.0,263168.0,0.0,40.0,0.0,0.0,"",0.0,0.0,1.0,0.834182,0.3336728,608.95286,383.637776,243.581144,243.581144,80.3,299.3,119.939,107.748,84.096,84.096,84.096,131.4,131.4,131.4,268.64
c4n-highmem-96,c4n,Network-optimized,"96 vCPUs, 744 GB RAM",us,us-east1,"South Carolina","Moncks Corner, South Carolina, USA",US,31.0,575.77,0.0,33.8361,-81.1637,1349888.0,1.0,us-east1-c,96.0,0,1.0,0.0,0.0,1.0,"Intel Emerald Rapids",2.3,3.1,4.0,1.0,"Intel Emerald Rapids","","","",744.0,"","",128.0,524288.0,0.0,200.0,0.0,0.0,"",0.0,0.0,1.0,10.010184,4.0040736,7307.43432,4603.653312,2922.973728,2922.973728,80.3,299.3,119.939,107.748,756.864,756.864,756.864,1138.8,1138.8,1138.8,3223.68
c4n-standard-16,c4n,Network-optimized,"16 vCPUs, 60 GB RAM",us,us-east1,"South Carolina","Moncks Corner, South Carolina, USA",US,31.0,575.77,0.0,33.8361,-81.1637,1349888.0,1.0,us-east1-c,16.0,0,1.0,0.0,0.0,1.0,"Intel Emerald Rapids",2.3,3.1,4.0,1.0,"Intel Emerald Rapids","","","",60.0,"","",128.0,263168.0,0.0,50.0,0.0,0.0,"",0.0,0.0,1.0,1.2651,0.50604,923.523,581.81584,369.4092,369.4092,80.3,299.3,119.939,107.748,126.144,126.144,126.144,189.8,189.8,189.8,537.28
c4n-standard-192,c4n,Network-optimized,"192 vCPUs, 720 GB RAM",us,us-east1,"South Carolina","Moncks Corner, South Carolina, USA",US,31.0,575.77,0.0,33.8361,-81.1637,1349888.0,1.0,us-east1-c,192.0,0,1.0,0.0,0.0,1.0,"Intel Emerald Rapids",2.3,3.1,4.0,1.0,"Intel Emerald Rapids","","","",720.0,"","",128.0,524288.0,0.0,400.0,0.0,0.0,"",0.0,0.0,1.0,15.1812,6.07248,11082.276,6981.79008,4432.9104,4432.9104,80.3,299.3,119.939,107.748,1345.536,1345.536,1345.536,2102.4,2102.4,2102.4,6447.36
c4n-standard-2,c4n,Network-optimized,"2 vCPUs, 7 GB RAM",us,us-east1,"South Carolina","Moncks Corner, South Carolina, USA",US,31.0,575.77,0.0,33.8361,-81.1637,1349888.0,1.0,us-east1-c,2.0,0,1.0,0.0,0.0,1.0,"Intel Emerald Rapids",2.3,3.1,4.0,1.0,"Intel Emerald Rapids","","","",7.0,"","",128.0,263168.0,0.0,25.0,0.0,0.0,"",0.0,0.0,1.0,0.154987,0.0619948,113.14051,71.278076,45.256204,45.256204,80.3,124.1,50.005,44.7198,21.024,21.024,21.024,32.85,32.85,32.85,67.16
c4n-standard-24,c4n,Network-optimized,"24 vCPUs, 90 GB RAM",us,us-east1,"South Carolina","Moncks Corner, South Carolina, USA",US,31.0,575.77,0.0,33.8361,-81.1637,1349888.0,1.0,us-east1-c,24.0,0,1.0,0.0,0.0,1.0,"Intel Emerald Rapids",2.3,3.1,4.0,1.0,"Intel Emerald Rapids","","","",90.0,"","",128.0,263168.0,0.0,50.0,0.0,0.0,"",0.0,0.0,1.0,1.89765,0.75906,1385.2845,872.72376,554.1138,554.1138,80.3,299.3,119.939,107.748,189.216,189.216,189.216,284.7,284.7,284.7,805.92
c4n-standard-4,c4n,Network-optimized,"4 vCPUs, 15 GB RAM",us,us-east1,"South Carolina","Moncks Corner, South Carolina, USA",US,31.0,575.77,0.0,33.8361,-81.1637,1349888.0,1.0,us-east1-c,4.0,0,1.0,0.0,0.0,1.0,"Intel Emerald Rapids",2.3,3.1,4.0,1.0,"Intel Emerald Rapids","","","",15.0,"","",128.0,263168.0,0.0,30.0,0.0,0.0,"",0.0,0.0,1.0,0.316275,0.12651,230.88075,145.45396,92.3523,92.3523,80.3,248.2,100.01,89.425,42.048,42.048,42.048,65.7,65.7,65.7,134.32
c4n-standard-48,c4n,Network-optimized,"48 vCPUs, 180 GB RAM",us,us-east1,"South Carolina","Moncks Corner, South Carolina, USA",US,31.0,575.77,0.0,33.8361,-81.1637,1349888.0,1.0,us-east1-c,48.0,0,1.0,0.0,0.0,1.0,"Intel Emerald Rapids",2.3,3.1,4.0,1.0,"Intel Emerald Rapids","","","",180.0,"","",128.0,524288.0,0.0,100.0,0.0,0.0,"",0.0,0.0,1.0,3.7953,1.51812,2770.569,1745.44752,1108.2276,1108.2276,80.3,299.3,119.939,107.748,378.432,378.432,378.432,569.4,569.4,569.4,1611.84
c4n-standard-8,c4n,Network-optimized,"8 vCPUs, 30 GB RAM",us,us-east1,"South Carolina","Moncks Corner, South Carolina, USA",US,31.0,575.77,0.0,33.8361,-81.1637,1349888.0,1.0,us-east1-c,8.0,0,1.0,0.0,0.0,1.0,"Intel Emerald Rapids",2.3,3.1,4.0,1.0,"Intel Emerald Rapids","","","",30.0,"","",128.0,263168.0,0.0,40.0,0.0,0.0,"",0.0,0.0,1.0,0.63255,0.25302,461.7615,290.90792,184.7046,184.7046,80.3,299.3,119.939,107.748,84.096,84.096,84.096,131.4,131.4,131.4,268.64
c4n-standard-96,c4n,Network-optimized,"96 vCPUs, 360 GB RAM",us,us-east1,"South Carolina","Moncks Corner, South Carolina, USA",US,31.0,575.77,0.0,33.8361,-81.1637,1349888.0,1.0,us-east1-c,96.0,0,1.0,0.0,0.0,1.0,"Intel Emerald Rapids",2.3,3.1,4.0,1.0,"Intel Emerald Rapids","","","",360.0,"","",128.0,524288.0,0.0,200.0,0.0,0.0,"",0.0,0.0,1.0,7.5906,3.03624,5541.138,3490.89504,2216.4552,2216.4552,80.3,299.3,119.939,107.748,756.864,756.864,756.864,1138.8,1138.8,1138.8,3223.68
e2-highcpu-16,e2,General-purpose,"Efficient Instance, 16 vCPUs, 16 GB RAM",us,us-east1,"South Carolina","Moncks Corner, South Carolina, USA",US,31.0,575.77,0.0,33.8361,-81.1637,1349888.0,3.0,"us-east1-b, us-east1-c, us-east1-d",16.0,0,1.0,1.0,0.0,4.0,"AMD Rome, Intel Broadwell, Intel Haswell, Intel Skylake",2.25,2.7,3.3,4.0,"AMD Rome, Intel Broadwell, Intel Haswell, Intel Skylake",207561.0,0.77,88.0,16.0,"","",128.0,263168.0,0.0,16.0,0.0,0.0,"",0.0,0.0,1.0,0.39576192,0.237504,288.9062016,182.01088832,130.00777904,173.37792,80.3,299.3,119.939,107.748,126.144,126.144,126.144,189.8,189.8,189.8,537.28
e2-highcpu-2,e2,General-purpose,"Efficient Instance, 2 vCPUs, 2 GB RAM",us,us-east1,"South Carolina","Moncks Corner, South Carolina, USA",US,31.0,575.77,0.0,33.8361,-81.1637,1349888.0,3.0,"us-east1-b, us-east1-c, us-east1-d",2.0,0,1.0,1.0,0.0,4.0,"AMD Rome, Intel Broadwell, Intel Haswell, Intel Skylake",2.25,2.7,3.3,4.0,"AMD Rome, Intel Broadwell, Intel Haswell, Intel Skylake",26092.0,1.39,592.0,2.0,"","",128.0,263168.0,0.0,4.0,0.0,0.0,"",0.0,0.0,1.0,0.04947024,0.029688,36.1132752,22.75136104,16.25097238,21.67224,80.3,124.1,50.005,44.7198,21.024,21.024,21.024,32.85,32.85,32.85,67.16
e2-highcpu-32,e2,General-purpose,"Efficient Instance, 32 vCPUs, 32 GB RAM",us,us-east1,"South Carolina","Moncks Corner, South Carolina, USA",US,31.0,575.77,0.0,33.8361,-81.1637,1349888.0,3.0,"us-east1-b, us-east1-c, us-east1-d",32.0,0,1.0,1.0,0.0,4.0,"AMD Rome, Intel Broadwell, Intel Haswell, Intel Skylake",2.25,2.7,3.3,4.0,"AMD Rome, Intel Broadwell, Intel Haswell, Intel Skylake",416599.0,0.86,32.0,32.0,"","",128.0,524288.0,0.0,16.0,0.0,0.0,"",0.0,0.0,1.0,0.79152384,0.475008,577.8124032,364.02177664,260.01555808,346.75584,80.3,299.3,119.939,107.748,252.288,252.288,252.288,379.6,379.6,379.6,1074.56
e2-highcpu-4,e2,General-purpose,"Efficient Instance, 4 vCPUs, 4 GB RAM",us,us-east1,"South Carolina","Moncks Corner, South Carolina, USA",US,31.0,575.77,0.0,33.8361,-81.1637,1349888.0,3.0,"us-east1-b, us-east1-c, us-east1-d",4.0,0,1.0,1.0,0.0,4.0,"AMD Rome, Intel Broadwell, Intel Haswell, Intel Skylake",2.25,2.7,3.3,4.0,"AMD Rome, Intel Broadwell, Intel Haswell, Intel Skylake",51937.0,0.64,360.0,4.0,"","",128.0,263168.0,0.0,8.0,0.0,0.0,"",0.0,0.0,1.0,0.09894048,0.059376,72.2265504,45.50272208,32.50194476,43.34448,80.3,248.2,100.01,89.425,42.048,42.048,42.048,65.7,65.7,65.7,134.32
e2-highcpu-8,e2,General-purpose,"Efficient Instance, 8 vCPUs, 8 GB RAM",us,us-east1,"South Carolina","Moncks Corner, South Carolina, USA",US,31.0,575.77,0.0,33.8361,-81.1637,1349888.0,3.0,"us-east1-b, us-east1-c, us-east1-d",8.0,0,1.0,1.0,0.0,4.0,"AMD Rome, Intel Broadwell, Intel Haswell, Intel Skylake",2.25,2.7,3.3,4.0,"AMD Rome, Intel Broadwell, Intel Haswell, Intel Skylake",104080.0,0.65,128.0,8.0,"","",128.0,263168.0,0.0,16.0,0.0,0.0,"",0.0,0.0,1.0,0.19788096,0.118752,144.4531008,91.00544416,65.00388952,86.68896,80.3,299.3,119.939,107.748,84.096,84.096,84.096,131.4,131.4,131.4,268.64
e2-highmem-16,e2,General-purpose,"Efficient Instance, 16 vCPUs, 128 GB RAM",us,us-east1,"South Carolina","Moncks Corner, South Carolina, USA",US,31.0,575.77,0.0,33.8361,-81.1637,1349888.0,3.0,"us-east1-b, us-east1-c, us-east1-d",16.0,0,1.0,1.0,0.0,4.0,"AMD Rome, Intel Broadwell, Intel Haswell, Intel Skylake",2.25,2.7,3.3,4.0,"AMD Rome, Intel Broadwell, Intel Haswell, Intel Skylake",208433.0,0.72,56.0,128.0,"","",128.0,263168.0,0.0,16.0,0.0,0.0,"",0.0,0.0,1.0,0.72319728,0.433952,527.9340144,332.5983368,237.57025392,316.78496,80.3,299.3,119.939,107.748,126.144,126.144,126.144,189.8,189.8,189.8,537.28
e2-highmem-2,e2,General-purpose,"Efficient Instance, 2 vCPUs, 16 GB RAM",us,us-east1,"South Carolina","Moncks Corner, South Carolina, USA",US,31.0,575.77,0.0,33.8361,-81.1637,1349888.0,3.0,"us-east1-b, us-east1-c, us-east1-d",2.0,0,1.0,1.0,0.0,4.0,"AMD Rome, Intel Broadwell, Intel Haswell, Intel Skylake",2.25,2.7,3.3,4.0,"AMD Rome, Intel Broadwell, Intel Haswell, Intel Skylake",26243.0,1.2,696.0,16.0,"","",128.0,263168.0,0.0,4.0,0.0,0.0,"",0.0,0.0,1.0,0.09039966,0.054244,65.9917518,41.5747921,29.69628174,39.59812,80.3,124.1,50.005,44.7198,21.024,21.024,21.024,32.85,32.85,32.85,67.16
e2-highmem-4,e2,General-purpose,"Efficient Instance, 4 vCPUs, 32 GB RAM",us,us-east1,"South Carolina","Moncks Corner, South Carolina, USA",US,31.0,575.77,0.0,33.8361,-81.1637,1349888.0,3.0,"us-east1-b, us-east1-c, us-east1-d",4.0,0,1.0,1.0,0.0,4.0,"AMD Rome, Intel Broadwell, Intel Haswell, Intel Skylake",2.25,2.7,3.3,4.0,"AMD Rome, Intel Broadwell, Intel Haswell, Intel Skylake",51736.0,0.88,472.0,32.0,"","",128.0,263168.0,0.0,8.0,0.0,0.0,"",0.0,0.0,1.0,0.18079932,0.108488,131.9835036,83.1495842,59.39256348,79.19624,80.3,248.2,100.01,89.425,42.048,42.048,42.048,65.7,65.7,65.7,134.32
e2-highmem-8,e2,General-purpose,"Efficient Instance, 8 vCPUs, 64 GB RAM",us,us-east1,"South Carolina","Moncks Corner, South Carolina, USA",US,31.0,575.77,0.0,33.8361,-81.1637,1349888.0,3.0,"us-east1-b, us-east1-c, us-east1-d",8.0,0,1.0,1.0,0.0,4.0,"AMD Rome, Intel Broadwell, Intel Haswell, Intel Skylake",2.25,2.7,3.3,4.0,"AMD Rome, Intel Broadwell, Intel Haswell, Intel Skylake",104083.0,0.63,128.0,64.0,"","",128.0,263168.0,0.0,16.0,0.0,0.0,"",0.0,0.0,1.0,0.36159864,0.216976,263.9670072,166.2991684,118.78512696,158.39248,80.3,299.3,119.939,107.748,84.096,84.096,84.096,131.4,131.4,131.4,268.64
e2-medium,e2,General-purpose,"Efficient Instance, 2 vCPU (1/2 shared physical core) and 4 GB RAM",us,us-east1,"South Carolina","Moncks Corner, South Carolina, USA",US,31.0,575.77,0.0,33.8361,-81.1637,1349888.0,3.0,"us-east1-b, us-east1-c, us-east1-d",2.0,1,1.0,1.0,0.0,4.0,"AMD Rome, Intel Broadwell, Intel Haswell, Intel Skylake",2.25,2.7,3.3,4.0,"AMD Rome, Intel Broadwell, Intel Haswell, Intel Skylake",14529.0,6.35,18423.0,4.0,"","",128.0,263168.0,0.0,2.0,0.0,0.0,"",0.0,0.0,1.0,0.03350571,0.020106,24.4591683,15.40927289,11.00662391,14.67738,80.3,124.1,50.005,44.7198,10.512,10.512,10.512,16.425,16.425,16.425,33.58
e2-micro,e2,General-purpose,"Efficient Instance, 2 vCPU (1/8 shared physical core) and 1 GB RAM",us,us-east1,"South Carolina","Moncks Corner, South Carolina, USA",US,31.0,575.77,0.0,33.8361,-81.1637,1349888.0,3.0,"us-east1-b, us-east1-c, us-east1-d",2.0,1,1.0,1.0,0.0,4.0,"AMD Rome, Intel Broadwell, Intel Haswell, Intel Skylake",2.25,2.7,3.3,4.0,"AMD Rome, Intel Broadwell, Intel Haswell, Intel Skylake",3238.0,3.57,18499.0,1.0,"","",16.0,3072.0,0.0,1.0,0.0,0.0,"",0.0,0.0,1.0,0.0083764275,0.0050265,6.114792075,3.8523182225,2.7516559775,3.669345,80.3,124.1,50.005,44.7198,2.628,2.628,2.628,4.10625,4.10625,4.10625,8.395
e2-small,e2,General-purpose,"Efficient Instance, 2 vCPU (1/4 shared physical core) and 2 GB RAM",us,us-east1,"South Carolina","Moncks Corner, South Carolina, USA",US,31.0,575.77,0.0,33.8361,-81.1637,1349888.0,3.0,"us-east1-b, us-east1-c, us-east1-d",2.0,1,1.0,1.0,0.0,4.0,"AMD Rome, Intel Broadwell, Intel Haswell, Intel Skylake",2.25,2.7,3.3,4.0,"AMD Rome, Intel Broadwell, Intel Haswell, Intel Skylake",6745.0,4.32,18614.0,2.0,"","",16.0,3072.0,0.0,2.0,0.0,0.0,"",0.0,0.0,1.0,0.016752855,0.010053,12.22958415,7.704636445,5.503311955,7.33869,80.3,124.1,50.005,44.7198,5.256,5.256,5.256,8.2125,8.2125,8.2125,16.79
e2-standard-16,e2,General-purpose,"Efficient Instance, 16 vCPUs, 64 GB RAM",us,us-east1,"South Carolina","Moncks Corner, South Carolina, USA",US,31.0,575.77,0.0,33.8361,-81.1637,1349888.0,3.0,"us-east1-b, us-east1-c, us-east1-d",16.0,0,1.0,1.0,0.0,4.0,"AMD Rome, Intel Broadwell, Intel Haswell, Intel Skylake",2.25,2.7,3.3,4.0,"AMD Rome, Intel Broadwell, Intel Haswell, Intel Skylake",208075.0,0.83,72.0,64.0,"","",128.0,263168.0,0.0,16.0,0.0,0.0,"",0.0,0.0,1.0,0.53609136,0.321696,391.3466928,246.54836624,176.10598256,234.83808,80.3,299.3,119.939,107.748,126.144,126.144,126.144,189.8,189.8,189.8,537.28
e2-standard-2,e2,General-purpose,"Efficient Instance, 2 vCPUs, 8 GB RAM",us,us-east1,"South Carolina","Moncks Corner, South Carolina, USA",US,31.0,575.77,0.0,33.8361,-81.1637,1349888.0,3.0,"us-east1-b, us-east1-c, us-east1-d",2.0,0,1.0,1.0,0.0,4.0,"AMD Rome, Intel Broadwell, Intel Haswell, Intel Skylake",2.25,2.7,3.3,4.0,"AMD Rome, Intel Broadwell, Intel Haswell, Intel Skylake",26255.0,1.94,712.0,8.0,"","",128.0,263168.0,0.0,4.0,0.0,0.0,"",0.0,0.0,1.0,0.06701142,0.040212,48.9183366,30.81854578,22.01324782,29.35476,80.3,124.1,50.005,44.7198,21.024,21.024,21.024,32.85,32.85,32.85,67.16
e2-standard-32,e2,General-purpose,"Efficient Instance, 32 vCPUs, 128 GB RAM",us,us-east1,"South Carolina","Moncks Corner, South Carolina, USA",US,31.0,575.77,0.0,33.8361,-81.1637,1349888.0,3.0,"us-east1-b, us-east1-c, us-east1-d",32.0,0,1.0,1.0,0.0,4.0,"AMD Rome, Intel Broadwell, Intel Haswell, Intel Skylake",2.25,2.7,3.3,4.0,"AMD Rome, Intel Broadwell, Intel Haswell, Intel Skylake",417535.0,0.74,48.0,128.0,"","",128.0,524288.0,0.0,16.0,0.0,0.0,"",0.0,0.0,1.0,1.07218272,0.643392,782.6933856,493.09673248,352.21196512,469.67616,80.3,299.3,119.939,107.748,252.288,252.288,252.288,379.6,379.6,379.6,1074.56
e2-standard-4,e2,General-purpose,"Efficient Instance, 4 vCPUs, 16 GB RAM",us,us-east1,"South Carolina","Moncks Corner, South Carolina, USA",US,31.0,575.77,0.0,33.8361,-81.1637,1349888.0,3.0,"us-east1-b, us-east1-c, us-east1-d",4.0,0,1.0,1.0,0.0,4.0,"AMD Rome, Intel Broadwell, Intel Haswell, Intel Skylake",2.25,2.7,3.3,4.0,"AMD Rome, Intel Broadwell, Intel Haswell, Intel Skylake",52043.0,0.53,464.0,16.0,"","",128.0,263168.0,0.0,8.0,0.0,0.0,"",0.0,0.0,1.0,0.13402284,0.080424,97.8366732,61.63709156,44.02649564,58.70952,80.3,248.2,100.01,89.425,42.048,42.048,42.048,65.7,65.7,65.7,134.32
e2-standard-8,e2,General-purpose,"Efficient Instance, 8 vCPUs, 32 GB RAM",us,us-east1,"South Carolina","Moncks Corner, South Carolina, USA",US,31.0,575.77,0.0,33.8361,-81.1637,1349888.0,3.0,"us-east1-b, us-east1-c, us-east1-d",8.0,0,1.0,1.0,0.0,4.0,"AMD Rome, Intel Broadwell, Intel Haswell, Intel Skylake",2.25,2.7,3.3,4.0,"AMD Rome, Intel Broadwell, Intel Haswell, Intel Skylake",103957.0,0.65,80.0,32.0,"","",128.0,263168.0,0.0,16.0,0.0,0.0,"",0.0,0.0,1.0,0.26804568,0.160848,195.6733464,123.27418312,88.05299128,117.41904,80.3,299.3,119.939,107.748,84.096,84.096,84.096,131.4,131.4,131.4,268.64
f1-micro,n1,General-purpose,"1 vCPU (shared physical core) and 0.6 GB RAM",us,us-east1,"South Carolina","Moncks Corner, South Carolina, USA",US,31.0,575.77,0.0,33.8361,-81.1637,1349888.0,3.0,"us-east1-b, us-east1-c, us-east1-d",1.0,1,1.0,0.0,0.0,5.0,"Intel Broadwell, Intel Haswell, Intel Ivy Bridge, Intel Sandy Bridge, Intel Skylake",2.0,2.7,3.5,5.0,"Intel Broadwell, Intel Haswell, Intel Ivy Bridge, Intel Sandy Bridge, Intel Skylake",3949.0,3.24,2318.0,0.6,"","",16.0,3072.0,0.0,1.0,0.0,0.0,"",0.0,1.0,1.0,0.0076,0.000684,3.8836,3.8836,3.8836,0.49932,14.6,124.1,124.1,124.1,10.512,10.512,10.512,16.425,16.425,16.425,16.79
g1-small,n1,General-purpose,"1 vCPU (shared physical core) and 1.7 GB RAM",us,us-east1,"South Carolina","Moncks Corner, South Carolina, USA",US,31.0,575.77,0.0,33.8361,-81.1637,1349888.0,3.0,"us-east1-b, us-east1-c, us-east1-d",1.0,1,1.0,0.0,0.0,5.0,"Intel Broadwell, Intel Haswell, Intel Ivy Bridge, Intel Sandy Bridge, Intel Skylake",2.0,2.7,3.5,5.0,"Intel Broadwell, Intel Haswell, Intel Ivy Bridge, Intel Sandy Bridge, Intel Skylake",10191.0,2.94,2256.0,1.7,"","",16.0,3072.0,0.0,1.0,0.0,0.0,"",0.0,1.0,1.0,0.0257,0.002313,13.1327,13.1327,13.1327,1.68849,14.6,124.1,124.1,124.1,10.512,10.512,10.512,16.425,16.425,16.425,16.79
g2-standard-12,g2,Accelerator-optimized,"Graphics Optimized: 1 NVIDIA L4 GPU, 12 vCPUs, 48GB RAM",us,us-east1,"South Carolina","Moncks Corner, South Carolina, USA",US,31.0,575.77,0.0,33.8361,-81.1637,1349888.0,3.0,"us-east1-b, us-east1-c, us-east1-d",12.0,0,1.0,0.0,0.0,1.0,"Intel Cascade Lake",2.2,2.9,3.7,1.0,"Intel Cascade Lake",167604.0,0.52,36.0,48.0,1.0,"NVIDIA L4",128.0,263168.0,1.0,16.0,0.0,0.0,"",0.0,0.0,1.0,1.000416287,0.570044,730.30388951,460.09144542,328.63672535,416.13212,80.3,299.3,119.939,107.748,94.608,94.608,94.608,142.35,142.35,142.35,402.96
g2-standard-16,g2,Accelerator-optimized,"Graphics Optimized: 1 NVIDIA L4 GPU, 16 vCPUs, 64GB RAM",us,us-east1,"South Carolina","Moncks Corner, South Carolina, USA",US,31.0,575.77,0.0,33.8361,-81.1637,1349888.0,3.0,"us-east1-b, us-east1-c, us-east1-d",16.0,0,1.0,0.0,0.0,1.0,"Intel Cascade Lake",2.2,2.9,3.7,1.0,"Intel Cascade Lake",223514.0,0.51,28.0,64.0,1.0,"NVIDIA L4",128.0,263168.0,1.0,32.0,0.0,0.0,"",0.0,0.0,1.0,1.147208303,0.653692,837.46206119,527.60109206,376.85789443,477.19516,80.3,299.3,119.939,107.748,126.144,126.144,126.144,189.8,189.8,189.8,537.28
g2-standard-24,g2,Accelerator-optimized,"Graphics Optimized: 2 NVIDIA L4 GPUs, 24 vCPUs, 96GB RAM",us,us-east1,"South Carolina","Moncks Corner, South Carolina, USA",US,31.0,575.77,0.0,33.8361,-81.1637,1349888.0,3.0,"us-east1-b, us-east1-c, us-east1-d",24.0,0,1.0,0.0,0.0,1.0,"Intel Cascade Lake",2.2,2.9,3.7,1.0,"Intel Cascade Lake",334411.0,0.53,20.0,96.0,2.0,"NVIDIA L4",128.0,263168.0,1.0,32.0,0.0,0.0,"",0.0,0.0,1.0,2.000832574,1.140088,1460.60777902,920.18289084,657.2734507,832.26424,80.3,299.3,119.939,107.748,189.216,189.216,189.216,284.7,284.7,284.7,805.92
g2-standard-32,g2,Accelerator-optimized,"Graphics Optimized: 1 NVIDIA L4 GPU, 32 vCPUs, 128GB RAM",us,us-east1,"South Carolina","Moncks Corner, South Carolina, USA",US,31.0,575.77,0.0,33.8361,-81.1637,1349888.0,3.0,"us-east1-b, us-east1-c, us-east1-d",32.0,0,1.0,0.0,0.0,1.0,"Intel Cascade Lake",2.2,2.9,3.7,1.0,"Intel Cascade Lake",446322.0,0.64,16.0,128.0,1.0,"NVIDIA L4",128.0,524288.0,1.0,32.0,0.0,0.0,"",0.0,0.0,1.0,1.734376367,0.988284,1266.09474791,797.63967862,569.74257075,721.44732,80.3,299.3,119.939,107.748,252.288,252.288,252.288,379.6,379.6,379.6,1074.56
g2-standard-4,g2,Accelerator-optimized,"Graphics Optimized: 1 NVIDIA L4 GPU, 4 vCPUs, 16GB RAM",us,us-east1,"South Carolina","Moncks Corner, South Carolina, USA",US,31.0,575.77,0.0,33.8361,-81.1637,1349888.0,3.0,"us-east1-b, us-east1-c, us-east1-d",4.0,0,1.0,0.0,0.0,1.0,"Intel Cascade Lake",2.2,2.9,3.7,1.0,"Intel Cascade Lake",56273.0,0.66,88.0,16.0,1.0,"NVIDIA L4",128.0,263168.0,1.0,10.0,0.0,0.0,"",0.0,0.0,1.0,0.706832255,0.402748,515.98754615,325.07215214,232.19438719,294.00604,80.3,248.2,100.01,89.425,42.048,42.048,42.048,65.7,65.7,65.7,134.32
g2-standard-48,g2,Accelerator-optimized,"Graphics Optimized: 4 NVIDIA L4 GPUs, 48 vCPUs, 192GB RAM",us,us-east1,"South Carolina","Moncks Corner, South Carolina, USA",US,31.0,575.77,0.0,33.8361,-81.1637,1349888.0,3.0,"us-east1-b, us-east1-c, us-east1-d",48.0,0,1.0,0.0,0.0,1.0,"Intel Cascade Lake",2.2,2.9,3.7,1.0,"Intel Cascade Lake",656106.0,2.97,12.0,192.0,4.0,"NVIDIA L4",128.0,524288.0,1.0,50.0,0.0,0.0,"",0.0,0.0,1.0,4.001665148,2.280176,2921.21555804,1840.36578168,1314.5469014,1664.52848,80.3,299.3,119.939,107.748,378.432,378.432,378.432,569.4,569.4,569.4,1611.84
g2-standard-8,g2,Accelerator-optimized,"Graphics Optimized: 1 NVIDIA L4 GPU, 8 vCPUs, 32GB RAM",us,us-east1,"South Carolina","Moncks Corner, South Carolina, USA",US,31.0,575.77,0.0,33.8361,-81.1637,1349888.0,3.0,"us-east1-b, us-east1-c, us-east1-d",8.0,0,1.0,0.0,0.0,1.0,"Intel Cascade Lake",2.2,2.9,3.7,1.0,"Intel Cascade Lake",111997.0,0.64,48.0,32.0,1.0,"NVIDIA L4",128.0,263168.0,1.0,16.0,0.0,0.0,"",0.0,0.0,1.0,0.853624271,0.486396,623.14571783,392.58179878,280.41555627,355.06908,80.3,299.3,119.939,107.748,84.096,84.096,84.096,131.4,131.4,131.4,268.64
g2-standard-96,g2,Accelerator-optimized,"Graphics Optimized: 8 NVIDIA L4 GPUs, 96 vCPUs, 384GB RAM",us,us-east1,"South Carolina","Moncks Corner, South Carolina, USA",US,31.0,575.77,0.0,33.8361,-81.1637,1349888.0,3.0,"us-east1-b, us-east1-c, us-east1-d",96.0,0,1.0,0.0,0.0,1.0,"Intel Cascade Lake",2.2,2.9,3.7,1.0,"Intel Cascade Lake",1249876.0,0.2,8.0,384.0,8.0,"NVIDIA L4",128.0,524288.0,1.0,100.0,0.0,0.0,"",0.0,0.0,1.0,8.003330296,4.560352,5842.43111608,3680.73156336,2629.0938028,3329.05696,80.3,299.3,119.939,107.748,756.864,756.864,756.864,1138.8,1138.8,1138.8,3223.68
g4-standard-12,g4,Accelerator-optimized,"Graphics Optimized: 1/4 NVIDIA RTX PRO 6000 GPU, 12 vCPUs, 45GB RAM",us,us-east1,"South Carolina","Moncks Corner, South Carolina, USA",US,31.0,575.77,0.0,33.8361,-81.1637,1349888.0,2.0,"us-east1-b, us-east1-d",12.0,0,0.0,1.0,0.0,1.0,"AMD Turin",2.7,3.5,4.1,1.0,"AMD Turin","","","",45.0,1.0,"NVIDIA RTX PRO 6000",16.0,263168.0,1.0,20.0,0.0,0.0,"",0.0,0.0,1.0,1.1249825,0.37884,821.237225,566.6625,361.249625,276.5532,80.3,299.3,119.939,107.748,94.608,94.608,94.608,142.35,142.35,142.35,402.96
g4-standard-192,g4,Accelerator-optimized,"Graphics Optimized: 4 NVIDIA RTX PRO 6000 GPU, 192 vCPUs, 720GB RAM",us,us-east1,"South Carolina","Moncks Corner, South Carolina, USA",US,31.0,575.77,0.0,33.8361,-81.1637,1349888.0,2.0,"us-east1-b, us-east1-d",192.0,0,0.0,1.0,0.0,1.0,"AMD Turin",2.7,3.5,4.1,1.0,"AMD Turin","","","",720.0,4.0,"NVIDIA RTX PRO 6000",64.0,524288.0,1.0,200.0,0.0,0.0,"",0.0,0.0,1.0,17.99972,6.06144,13139.7956,9066.6,5779.994,4424.8512,80.3,299.3,119.939,107.748,1345.536,1345.536,1345.536,2102.4,2102.4,2102.4,6447.36
g4-standard-24,g4,Accelerator-optimized,"Graphics Optimized: 1/2 NVIDIA RTX PRO 6000 GPU, 24 vCPUs, 90GB RAM",us,us-east1,"South Carolina","Moncks Corner, South Carolina, USA",US,31.0,575.77,0.0,33.8361,-81.1637,1349888.0,2.0,"us-east1-b, us-east1-d",24.0,0,0.0,1.0,0.0,1.0,"AMD Turin",2.7,3.5,4.1,1.0,"AMD Turin","","","",90.0,1.0,"NVIDIA RTX PRO 6000",32.0,263168.0,1.0,20.0,0.0,0.0,"",0.0,0.0,1.0,2.249965,0.75768,1642.47445,1133.325,722.49925,553.1064,80.3,299.3,119.939,107.748,189.216,189.216,189.216,284.7,284.7,284.7,805.92
g4-standard-384,g4,Accelerator-optimized,"Graphics Optimized: 8 NVIDIA RTX PRO 6000 GPU, 384 vCPUs, 1440GB RAM",us,us-east1,"South Carolina","Moncks Corner, South Carolina, USA",US,31.0,575.77,0.0,33.8361,-81.1637,1349888.0,2.0,"us-east1-b, us-east1-d",384.0,0,0.0,1.0,0.0,1.0,"AMD Turin",2.7,3.5,4.1,1.0,"AMD Turin","","","",1440.0,8.0,"NVIDIA RTX PRO 6000",128.0,524288.0,1.0,400.0,0.0,0.0,"",0.0,0.0,1.0,35.99944,12.12288,26279.5912,18133.2,11559.988,8849.7024,80.3,299.3,119.939,107.748,2691.072,2691.072,2691.072,4204.8,4204.8,4204.8,12894.72
g4-standard-48,g4,Accelerator-optimized,"Graphics Optimized: 1 NVIDIA RTX PRO 6000 GPU, 48 vCPUs, 180GB RAM",us,us-east1,"South Carolina","Moncks Corner, South Carolina, USA",US,31.0,575.77,0.0,33.8361,-81.1637,1349888.0,2.0,"us-east1-b, us-east1-d",48.0,0,0.0,1.0,0.0,1.0,"AMD Turin",2.7,3.5,4.1,1.0,"AMD Turin","","","",180.0,1.0,"NVIDIA RTX PRO 6000",32.0,524288.0,1.0,50.0,0.0,0.0,"",0.0,0.0,1.0,4.49993,1.51536,3284.9489,2266.65,1444.9985,1106.2128,80.3,299.3,119.939,107.748,378.432,378.432,378.432,569.4,569.4,569.4,1611.84
g4-standard-6,g4,Accelerator-optimized,"Graphics Optimized: 1/8 NVIDIA RTX PRO 6000 GPU, 6 vCPUs, 22GB RAM",us,us-east1,"South Carolina","Moncks Corner, South Carolina, USA",US,31.0,575.77,0.0,33.8361,-81.1637,1349888.0,2.0,"us-east1-b, us-east1-d",6.0,0,0.0,1.0,0.0,1.0,"AMD Turin",2.7,3.5,4.1,1.0,"AMD Turin","","","",22.0,1.0,"NVIDIA RTX PRO 6000",8.0,263168.0,1.0,20.0,0.0,0.0,"",0.0,0.0,1.0,0.55955625,0.188421,408.4760625,281.853,179.6831125,137.54733,80.3,299.3,119.939,107.748,63.072,63.072,63.072,98.55,98.55,98.55,201.48
g4-standard-96,g4,Accelerator-optimized,"Graphics Optimized: 2 NVIDIA RTX PRO 6000 GPU, 96 vCPUs, 360GB RAM",us,us-east1,"South Carolina","Moncks Corner, South Carolina, USA",US,31.0,575.77,0.0,33.8361,-81.1637,1349888.0,2.0,"us-east1-b, us-east1-d",96.0,0,0.0,1.0,0.0,1.0,"AMD Turin",2.7,3.5,4.1,1.0,"AMD Turin","","","",360.0,2.0,"NVIDIA RTX PRO 6000",32.0,524288.0,1.0,100.0,0.0,0.0,"",0.0,0.0,1.0,8.99986,3.03072,6569.8978,4533.3,2889.997,2212.4256,80.3,299.3,119.939,107.748,756.864,756.864,756.864,1138.8,1138.8,1138.8,3223.68
m1-megamem-96,m1,Memory-optimized,"96 vCPUs, 1.4 TB RAM",us,us-east1,"South Carolina","Moncks Corner, South Carolina, USA",US,31.0,575.77,0.0,33.8361,-81.1637,1349888.0,3.0,"us-east1-b, us-east1-c, us-east1-d",96.0,0,1.0,0.0,0.0,1.0,"Intel Skylake",2.0,2.7,3.5,1.0,"Intel Skylake",1223742.0,0.35,2264.0,1433.6,"","",128.0,524288.0,1.0,32.0,0.0,1.0,105050.0,1.0,1.0,1.0,10.65216,1.755264,5443.25376,4600.65856,2333.52384,1281.34272,80.3,299.3,119.939,107.748,756.864,756.864,756.864,1138.8,1138.8,1138.8,3223.68
m1-ultramem-160,m1,Memory-optimized,"160 vCPUs, 3844 GB RAM",us,us-east1,"South Carolina","Moncks Corner, South Carolina, USA",US,31.0,575.77,0.0,33.8361,-81.1637,1349888.0,2.0,"us-east1-b, us-east1-d",160.0,0,1.0,0.0,0.0,1.0,"Intel Broadwell",2.2,2.6,3.3,1.0,"Intel Broadwell",2015006.0,0.56,2280.0,3844.0,"","",128.0,524288.0,0.0,32.0,0.0,1.0,137900.0,1.0,1.0,1.0,25.1724,4.14736,12863.0964,10874.7224,5513.9236,3027.5728,80.3,299.3,119.939,107.748,1121.28,1121.28,1121.28,1752.0,1752.0,1752.0,5372.8
m1-ultramem-40,m1,Memory-optimized,"40 vCPUs, 961 GB RAM",us,us-east1,"South Carolina","Moncks Corner, South Carolina, USA",US,31.0,575.77,0.0,33.8361,-81.1637,1349888.0,2.0,"us-east1-b, us-east1-d",40.0,0,1.0,0.0,0.0,1.0,"Intel Broadwell",2.2,2.6,3.3,1.0,"Intel Broadwell",516435.0,0.27,2272.0,961.0,"","",128.0,524288.0,0.0,32.0,0.0,1.0,34475.0,1.0,1.0,1.0,6.2931,1.03684,3215.7741,2718.6806,1378.4809,756.8932,80.3,299.3,119.939,107.748,315.36,315.36,315.36,474.5,474.5,474.5,1343.2
m1-ultramem-80,m1,Memory-optimized,"80 vCPUs, 1922 GB RAM",us,us-east1,"South Carolina","Moncks Corner, South Carolina, USA",US,31.0,575.77,0.0,33.8361,-81.1637,1349888.0,2.0,"us-east1-b, us-east1-d",80.0,0,1.0,0.0,0.0,1.0,"Intel Broadwell",2.2,2.6,3.3,1.0,"Intel Broadwell",1010128.0,0.41,2280.0,1922.0,"","",128.0,524288.0,0.0,32.0,0.0,1.0,68950.0,1.0,1.0,1.0,12.5862,2.07368,6431.5482,5437.3612,2756.9618,1513.7864,80.3,299.3,119.939,107.748,630.72,630.72,630.72,949.0,949.0,949.0,2686.4
m3-megamem-128,m3,Memory-optimized,"128 vCPUs, 1952 GB RAM",us,us-east1,"South Carolina","Moncks Corner, South Carolina, USA",US,31.0,575.77,0.0,33.8361,-81.1637,1349888.0,2.0,"us-east1-b, us-east1-d",128.0,0,1.0,0.0,0.0,1.0,"Intel Ice Lake",2.6,3.4,3.5,1.0,"Intel Ice Lake",2182236.0,0.89,1144.0,1952.0,"","",128.0,524288.0,1.0,32.0,100.0,1.0,187620.0,1.0,0.0,1.0,14.4096,8.213984,10519.008,6223.5712,3156.6368,5996.20832,80.3,299.3,119.939,107.748,897.024,897.024,897.024,1401.6,1401.6,1401.6,4298.24
m3-megamem-64,m3,Memory-optimized,"64 vCPUs, 976 GB RAM",us,us-east1,"South Carolina","Moncks Corner, South Carolina, USA",US,31.0,575.77,0.0,33.8361,-81.1637,1349888.0,2.0,"us-east1-b, us-east1-d",64.0,0,1.0,0.0,0.0,1.0,"Intel Ice Lake",2.6,3.4,3.5,1.0,"Intel Ice Lake",1094465.0,0.98,1132.0,976.0,"","",128.0,524288.0,1.0,32.0,50.0,1.0,99170.0,1.0,0.0,1.0,7.2048,4.106992,5259.504,3111.7856,1578.3184,2998.10416,80.3,299.3,119.939,107.748,504.576,504.576,504.576,759.2,759.2,759.2,2149.12
m3-ultramem-128,m3,Memory-optimized,"128 vCPUs, 3904 GB RAM",us,us-east1,"South Carolina","Moncks Corner, South Carolina, USA",US,31.0,575.77,0.0,33.8361,-81.1637,1349888.0,2.0,"us-east1-b, us-east1-d",128.0,0,1.0,0.0,0.0,1.0,"Intel Ice Lake",2.6,3.4,3.5,1.0,"Intel Ice Lake",2190379.0,0.62,1128.0,3904.0,"","",128.0,524288.0,1.0,32.0,100.0,1.0,184800.0,1.0,0.0,1.0,24.3648,13.888448,17786.304,10526.9504,5336.8256,10138.56704,80.3,299.3,119.939,107.748,897.024,897.024,897.024,1401.6,1401.6,1401.6,4298.24
m3-ultramem-32,m3,Memory-optimized,"32 vCPUs, 976 GB RAM",us,us-east1,"South Carolina","Moncks Corner, South Carolina, USA",US,31.0,575.77,0.0,33.8361,-81.1637,1349888.0,2.0,"us-east1-b, us-east1-d",32.0,0,1.0,0.0,0.0,1.0,"Intel Ice Lake",2.6,3.4,3.5,1.0,"Intel Ice Lake",556066.0,0.22,1020.0,976.0,"","",128.0,524288.0,1.0,32.0,0.0,1.0,47835.0,1.0,0.0,1.0,6.0912,3.472112,4446.576,2631.7376,1334.2064,2534.64176,80.3,299.3,119.939,107.748,252.288,252.288,252.288,379.6,379.6,379.6,1074.56
m3-ultramem-64,m3,Memory-optimized,"64 vCPUs, 1952 GB RAM",us,us-east1,"South Carolina","Moncks Corner, South Carolina, USA",US,31.0,575.77,0.0,33.8361,-81.1637,1349888.0,2.0,"us-east1-b, us-east1-d",64.0,0,1.0,0.0,0.0,1.0,"Intel Ice Lake",2.6,3.4,3.5,1.0,"Intel Ice Lake",1101308.0,0.73,1144.0,1952.0,"","",128.0,524288.0,1.0,32.0,50.0,1.0,95670.0,1.0,0.0,1.0,12.1824,6.944224,8893.152,5263.4752,2668.4128,5069.28352,80.3,299.3,119.939,107.748,504.576,504.576,504.576,759.2,759.2,759.2,2149.12
m4-hypermem-16,m4,Memory-optimized,"16 vCPUs, 248 GB RAM",us,us-east1,"South Carolina","Moncks Corner, South Carolina, USA",US,31.0,575.77,0.0,33.8361,-81.1637,1349888.0,3.0,"us-east1-b, us-east1-c, us-east1-d",16.0,0,1.0,0.0,0.0,1.0,"Intel Emerald Rapids",2.1,2.9,4.0,1.0,"Intel Emerald Rapids","","","",248.0,"","",128.0,524288.0,0.0,32.0,50.0,0.0,"",1.0,0.0,0.0,1.4258144,0.82352,1040.844512,614.098776,312.25312,601.1696,80.3,299.3,119.939,107.748,126.144,126.144,126.144,189.8,189.8,189.8,537.28
m4-hypermem-32,m4,Memory-optimized,"32 vCPUs, 496 GB RAM",us,us-east1,"South Carolina","Moncks Corner, South Carolina, USA",US,31.0,575.77,0.0,33.8361,-81.1637,1349888.0,3.0,"us-east1-b, us-east1-c, us-east1-d",32.0,0,1.0,0.0,0.0,1.0,"Intel Emerald Rapids",2.1,2.9,4.0,1.0,"Intel Emerald Rapids","","","",496.0,"","",128.0,524288.0,0.0,32.0,50.0,0.0,"",1.0,0.0,0.0,2.8516288,1.64704,2081.689024,1228.197552,624.50624,1202.3392,80.3,299.3,119.939,107.748,252.288,252.288,252.288,379.6,379.6,379.6,1074.56
m4-hypermem-64,m4,Memory-optimized,"64 vCPUs, 992 GB RAM",us,us-east1,"South Carolina","Moncks Corner, South Carolina, USA",US,31.0,575.77,0.0,33.8361,-81.1637,1349888.0,3.0,"us-east1-b, us-east1-c, us-east1-d",64.0,0,1.0,0.0,0.0,1.0,"Intel Emerald Rapids",2.1,2.9,4.0,1.0,"Intel Emerald Rapids","","","",992.0,"","",128.0,524288.0,0.0,32.0,50.0,0.0,"",1.0,0.0,0.0,5.7032576,3.29408,4163.378048,2456.395104,1249.01248,2404.6784,80.3,299.3,119.939,107.748,504.576,504.576,504.576,759.2,759.2,759.2,2149.12
m4-megamem-112,m4,Memory-optimized,"112 vCPUs, 1488 GB RAM",us,us-east1,"South Carolina","Moncks Corner, South Carolina, USA",US,31.0,575.77,0.0,33.8361,-81.1637,1349888.0,3.0,"us-east1-b, us-east1-c, us-east1-d",112.0,0,1.0,0.0,0.0,1.0,"Intel Emerald Rapids",2.1,2.9,4.0,1.0,"Intel Emerald Rapids","","","",1488.0,"","",128.0,524288.0,0.0,50.0,100.0,1.0,"",1.0,0.0,0.0,8.8473408,5.10992,6458.558784,3810.55328,1937.566,3730.2416,80.3,299.3,119.939,107.748,883.008,883.008,883.008,1328.6,1328.6,1328.6,3760.96
m4-megamem-224,m4,Memory-optimized,"224 vCPUs, 2976 GB RAM",us,us-east1,"South Carolina","Moncks Corner, South Carolina, USA",US,31.0,575.77,0.0,33.8361,-81.1637,1349888.0,3.0,"us-east1-b, us-east1-c, us-east1-d",224.0,0,1.0,0.0,0.0,1.0,"Intel Emerald Rapids",2.1,2.9,4.0,1.0,"Intel Emerald Rapids","","","",2976.0,"","",128.0,524288.0,0.0,100.0,200.0,1.0,"",1.0,0.0,0.0,17.6946816,10.21984,12917.117568,7621.10656,3875.132,7460.4832,80.3,299.3,119.939,107.748,1569.792,1569.792,1569.792,2452.8,2452.8,2452.8,7521.92
m4-megamem-28,m4,Memory-optimized,"28 vCPUs, 372 GB RAM",us,us-east1,"South Carolina","Moncks Corner, South Carolina, USA",US,31.0,575.77,0.0,33.8361,-81.1637,1349888.0,3.0,"us-east1-b, us-east1-c, us-east1-d",28.0,0,1.0,0.0,0.0,1.0,"Intel Emerald Rapids",2.1,2.9,4.0,1.0,"Intel Emerald Rapids","","","",372.0,"","",128.0,524288.0,0.0,32.0,50.0,1.0,"",1.0,0.0,0.0,2.2118352,1.27748,1614.639696,952.63832,484.3915,932.5604,80.3,299.3,119.939,107.748,220.752,220.752,220.752,332.15,332.15,332.15,940.24
m4-megamem-56,m4,Memory-optimized,"56 vCPUs, 744 GB RAM",us,us-east1,"South Carolina","Moncks Corner, South Carolina, USA",US,31.0,575.77,0.0,33.8361,-81.1637,1349888.0,3.0,"us-east1-b, us-east1-c, us-east1-d",56.0,0,1.0,0.0,0.0,1.0,"Intel Emerald Rapids",2.1,2.9,4.0,1.0,"Intel Emerald Rapids","","","",744.0,"","",128.0,524288.0,0.0,32.0,50.0,1.0,"",1.0,0.0,0.0,4.4236704,2.55496,3229.279392,1905.27664,968.783,1865.1208,80.3,299.3,119.939,107.748,441.504,441.504,441.504,664.3,664.3,664.3,1880.48
m4-ultramem-112,m4,Memory-optimized,"112 vCPUs, 2976 GB RAM",us,us-east1,"South Carolina","Moncks Corner, South Carolina, USA",US,31.0,575.77,0.0,33.8361,-81.1637,1349888.0,3.0,"us-east1-b, us-east1-c, us-east1-d",112.0,0,1.0,0.0,0.0,1.0,"Intel Emerald Rapids",2.1,2.9,4.0,1.0,"Intel Emerald Rapids","","","",2976.0,"","",128.0,524288.0,0.0,50.0,100.0,1.0,"",1.0,0.0,0.0,15.6475008,9.03824,11422.675584,6739.382192,3426.80104,6597.9152,80.3,299.3,119.939,107.748,883.008,883.008,883.008,1328.6,1328.6,1328.6,3760.96
m4-ultramem-224,m4,Memory-optimized,"224 vCPUs, 5952 GB RAM",us,us-east1,"South Carolina","Moncks Corner, South Carolina, USA",US,31.0,575.77,0.0,33.8361,-81.1637,1349888.0,1.0,us-east1-b,224.0,0,1.0,0.0,0.0,1.0,"Intel Emerald Rapids",2.1,2.9,4.0,1.0,"Intel Emerald Rapids","","","",5952.0,"","",128.0,524288.0,0.0,100.0,200.0,1.0,"",1.0,0.0,0.0,41.46412736,15.719958784,30268.8129728,17858.60095744,9080.626512,11475.56991232,80.3,299.3,119.939,107.748,1569.792,1569.792,1569.792,2452.8,2452.8,2452.8,7521.92
m4-ultramem-56,m4,Memory-optimized,"56 vCPUs, 1488 GB RAM",us,us-east1,"South Carolina","Moncks Corner, South Carolina, USA",US,31.0,575.77,0.0,33.8361,-81.1637,1349888.0,3.0,"us-east1-b, us-east1-c, us-east1-d",56.0,0,1.0,0.0,0.0,1.0,"Intel Emerald Rapids",2.1,2.9,4.0,1.0,"Intel Emerald Rapids","","","",1488.0,"","",128.0,524288.0,0.0,32.0,50.0,1.0,"",1.0,0.0,0.0,7.8237504,4.51912,5711.337792,3369.691096,1713.40052,3298.9576,80.3,299.3,119.939,107.748,441.504,441.504,441.504,664.3,664.3,664.3,1880.48
n1-highcpu-16,n1,General-purpose,"16 vCPUs, 14.4 GB RAM",us,us-east1,"South Carolina","Moncks Corner, South Carolina, USA",US,31.0,575.77,0.0,33.8361,-81.1637,1349888.0,3.0,"us-east1-b, us-east1-c, us-east1-d",16.0,0,1.0,0.0,0.0,5.0,"Intel Broadwell, Intel Haswell, Intel Ivy Bridge, Intel Sandy Bridge, Intel Skylake",2.0,2.7,3.5,5.0,"Intel Broadwell, Intel Haswell, Intel Ivy Bridge, Intel Sandy Bridge, Intel Skylake",207968.0,0.6,640.0,14.4,"","",128.0,263168.0,1.0,32.0,0.0,0.0,"",0.0,1.0,1.0,0.5667888,0.3057184,289.6290768,260.663728,186.194384,223.174432,80.3,299.3,119.939,107.748,126.144,126.144,126.144,189.8,189.8,189.8,537.28
n1-highcpu-2,n1,General-purpose,"2 vCPUs, 1.8 GB RAM",us,us-east1,"South Carolina","Moncks Corner, South Carolina, USA",US,31.0,575.77,0.0,33.8361,-81.1637,1349888.0,3.0,"us-east1-b, us-east1-c, us-east1-d",2.0,0,1.0,0.0,0.0,5.0,"Intel Broadwell, Intel Haswell, Intel Ivy Bridge, Intel Sandy Bridge, Intel Skylake",2.0,2.7,3.5,5.0,"Intel Broadwell, Intel Haswell, Intel Ivy Bridge, Intel Sandy Bridge, Intel Skylake",26348.0,0.58,3696.0,1.8,"","",128.0,263168.0,1.0,10.0,0.0,0.0,"",0.0,1.0,1.0,0.0708486,0.0382148,36.2036346,32.582966,23.274298,27.896804,80.3,124.1,50.005,44.7198,21.024,21.024,21.024,32.85,32.85,32.85,67.16
n1-highcpu-32,n1,General-purpose,"32 vCPUs, 28.8 GB RAM",us,us-east1,"South Carolina","Moncks Corner, South Carolina, USA",US,31.0,575.77,0.0,33.8361,-81.1637,1349888.0,3.0,"us-east1-b, us-east1-c, us-east1-d",32.0,0,1.0,0.0,0.0,5.0,"Intel Broadwell, Intel Haswell, Intel Ivy Bridge, Intel Sandy Bridge, Intel Skylake",2.0,2.7,3.5,5.0,"Intel Broadwell, Intel Haswell, Intel Ivy Bridge, Intel Sandy Bridge, Intel Skylake",414526.0,1.27,320.0,28.8,"","",128.0,524288.0,1.0,32.0,0.0,0.0,"",0.0,1.0,1.0,1.1335776,0.6114368,579.2581536,521.327456,372.388768,446.348864,80.3,299.3,119.939,107.748,252.288,252.288,252.288,379.6,379.6,379.6,1074.56
n1-highcpu-4,n1,General-purpose,"4 vCPUs, 3.6 GB RAM",us,us-east1,"South Carolina","Moncks Corner, South Carolina, USA",US,31.0,575.77,0.0,33.8361,-81.1637,1349888.0,3.0,"us-east1-b, us-east1-c, us-east1-d",4.0,0,1.0,0.0,0.0,5.0,"Intel Broadwell, Intel Haswell, Intel Ivy Bridge, Intel Sandy Bridge, Intel Skylake",2.0,2.7,3.5,5.0,"Intel Broadwell, Intel Haswell, Intel Ivy Bridge, Intel Sandy Bridge, Intel Skylake",52108.0,0.58,2352.0,3.6,"","",128.0,263168.0,1.0,10.0,0.0,0.0,"",0.0,1.0,1.0,0.1416972,0.0764296,72.4072692,65.165932,46.548596,55.793608,80.3,248.2,100.01,89.425,42.048,42.048,42.048,65.7,65.7,65.7,134.32
n1-highcpu-64,n1,General-purpose,"64 vCPUs, 57.6 GB RAM",us,us-east1,"South Carolina","Moncks Corner, South Carolina, USA",US,31.0,575.77,0.0,33.8361,-81.1637,1349888.0,3.0,"us-east1-b, us-east1-c, us-east1-d",64.0,0,1.0,0.0,0.0,5.0,"Intel Broadwell, Intel Haswell, Intel Ivy Bridge, Intel Sandy Bridge, Intel Skylake",2.0,2.7,3.5,5.0,"Intel Broadwell, Intel Haswell, Intel Ivy Bridge, Intel Sandy Bridge, Intel Skylake",815329.0,0.86,160.0,57.6,"","",128.0,524288.0,1.0,32.0,0.0,0.0,"",0.0,1.0,1.0,2.2671552,1.2228736,1158.5163072,1042.654912,744.777536,892.697728,80.3,299.3,119.939,107.748,504.576,504.576,504.576,759.2,759.2,759.2,2149.12
n1-highcpu-8,n1,General-purpose,"8 vCPUs, 7.2 GB RAM",us,us-east1,"South Carolina","Moncks Corner, South Carolina, USA",US,31.0,575.77,0.0,33.8361,-81.1637,1349888.0,3.0,"us-east1-b, us-east1-c, us-east1-d",8.0,0,1.0,0.0,0.0,5.0,"Intel Broadwell, Intel Haswell, Intel Ivy Bridge, Intel Sandy Bridge, Intel Skylake",2.0,2.7,3.5,5.0,"Intel Broadwell, Intel Haswell, Intel Ivy Bridge, Intel Sandy Bridge, Intel Skylake",104238.0,0.6,1192.0,7.2,"","",128.0,263168.0,1.0,16.0,0.0,0.0,"",0.0,1.0,1.0,0.2833944,0.1528592,144.8145384,130.331864,93.097192,111.587216,80.3,299.3,119.939,107.748,84.096,84.096,84.096,131.4,131.4,131.4,268.64
n1-highcpu-96,n1,General-purpose,"96 vCPUs, 86 GB RAM",us,us-east1,"South Carolina","Moncks Corner, South Carolina, USA",US,31.0,575.77,0.0,33.8361,-81.1637,1349888.0,3.0,"us-east1-b, us-east1-c, us-east1-d",96.0,0,1.0,0.0,0.0,5.0,"Intel Broadwell, Intel Haswell, Intel Ivy Bridge, Intel Sandy Bridge, Intel Skylake",2.0,2.7,3.5,5.0,"Intel Broadwell, Intel Haswell, Intel Ivy Bridge, Intel Sandy Bridge, Intel Skylake",1232561.0,0.3,112.0,86.4,"","",128.0,524288.0,1.0,32.0,0.0,0.0,"",0.0,1.0,1.0,3.4007328,1.8343104,1737.7744608,1563.982368,1117.166304,1339.046592,80.3,299.3,119.939,107.748,756.864,756.864,756.864,1138.8,1138.8,1138.8,3223.68
n1-highmem-16,n1,General-purpose,"16 vCPUs, 104 GB RAM",us,us-east1,"South Carolina","Moncks Corner, South Carolina, USA",US,31.0,575.77,0.0,33.8361,-81.1637,1349888.0,3.0,"us-east1-b, us-east1-c, us-east1-d",16.0,0,1.0,0.0,0.0,5.0,"Intel Broadwell, Intel Haswell, Intel Ivy Bridge, Intel Sandy Bridge, Intel Skylake",2.0,2.7,3.5,5.0,"Intel Broadwell, Intel Haswell, Intel Ivy Bridge, Intel Sandy Bridge, Intel Skylake",208446.0,0.55,616.0,104.0,"","",128.0,263168.0,1.0,32.0,0.0,1.0,16720.0,0.0,1.0,1.0,0.946424,0.510544,483.622664,435.23768,310.92744,372.69712,80.3,299.3,119.939,107.748,126.144,126.144,126.144,189.8,189.8,189.8,537.28
n1-highmem-2,n1,General-purpose,"2 vCPUs, 13 GB RAM",us,us-east1,"South Carolina","Moncks Corner, South Carolina, USA",US,31.0,575.77,0.0,33.8361,-81.1637,1349888.0,3.0,"us-east1-b, us-east1-c, us-east1-d",2.0,0,1.0,0.0,0.0,5.0,"Intel Broadwell, Intel Haswell, Intel Ivy Bridge, Intel Sandy Bridge, Intel Skylake",2.0,2.7,3.5,5.0,"Intel Broadwell, Intel Haswell, Intel Ivy Bridge, Intel Sandy Bridge, Intel Skylake",26293.0,0.65,3688.0,13.0,"","",128.0,263168.0,1.0,10.0,0.0,1.0,2090.0,0.0,1.0,1.0,0.118303,0.063818,60.452833,54.40471,38.86593,46.58714,80.3,124.1,50.005,44.7198,21.024,21.024,21.024,32.85,32.85,32.85,67.16
n1-highmem-32,n1,General-purpose,"32 vCPUs, 208 GB RAM",us,us-east1,"South Carolina","Moncks Corner, South Carolina, USA",US,31.0,575.77,0.0,33.8361,-81.1637,1349888.0,3.0,"us-east1-b, us-east1-c, us-east1-d",32.0,0,1.0,0.0,0.0,5.0,"Intel Broadwell, Intel Haswell, Intel Ivy Bridge, Intel Sandy Bridge, Intel Skylake",2.0,2.7,3.5,5.0,"Intel Broadwell, Intel Haswell, Intel Ivy Bridge, Intel Sandy Bridge, Intel Skylake",415396.0,0.75,320.0,208.0,"","",128.0,524288.0,1.0,32.0,0.0,1.0,33440.0,1.0,1.0,1.0,1.892848,1.021088,967.245328,870.47536,621.85488,745.39424,80.3,299.3,119.939,107.748,252.288,252.288,252.288,379.6,379.6,379.6,1074.56
n1-highmem-4,n1,General-purpose,"4 vCPUs, 26 GB RAM",us,us-east1,"South Carolina","Moncks Corner, South Carolina, USA",US,31.0,575.77,0.0,33.8361,-81.1637,1349888.0,3.0,"us-east1-b, us-east1-c, us-east1-d",4.0,0,1.0,0.0,0.0,5.0,"Intel Broadwell, Intel Haswell, Intel Ivy Bridge, Intel Sandy Bridge, Intel Skylake",2.0,2.7,3.5,5.0,"Intel Broadwell, Intel Haswell, Intel Ivy Bridge, Intel Sandy Bridge, Intel Skylake",52095.0,0.66,2344.0,26.0,"","",128.0,263168.0,1.0,10.0,0.0,1.0,4180.0,0.0,1.0,1.0,0.236606,0.127636,120.905666,108.80942,77.73186,93.17428,80.3,248.2,100.01,89.425,42.048,42.048,42.048,65.7,65.7,65.7,134.32
n1-highmem-64,n1,General-purpose,"64 vCPUs, 416 GB RAM",us,us-east1,"South Carolina","Moncks Corner, South Carolina, USA",US,31.0,575.77,0.0,33.8361,-81.1637,1349888.0,3.0,"us-east1-b, us-east1-c, us-east1-d",64.0,0,1.0,0.0,0.0,5.0,"Intel Broadwell, Intel Haswell, Intel Ivy Bridge, Intel Sandy Bridge, Intel Skylake",2.0,2.7,3.5,5.0,"Intel Broadwell, Intel Haswell, Intel Ivy Bridge, Intel Sandy Bridge, Intel Skylake",817050.0,0.88,160.0,416.0,"","",128.0,524288.0,1.0,32.0,0.0,1.0,66880.0,1.0,1.0,1.0,3.785696,2.042176,1934.490656,1740.95072,1243.70976,1490.78848,80.3,299.3,119.939,107.748,504.576,504.576,504.576,759.2,759.2,759.2,2149.12
n1-highmem-8,n1,General-purpose,"8 vCPUs, 52 GB RAM",us,us-east1,"South Carolina","Moncks Corner, South Carolina, USA",US,31.0,575.77,0.0,33.8361,-81.1637,1349888.0,3.0,"us-east1-b, us-east1-c, us-east1-d",8.0,0,1.0,0.0,0.0,5.0,"Intel Broadwell, Intel Haswell, Intel Ivy Bridge, Intel Sandy Bridge, Intel Skylake",2.0,2.7,3.5,5.0,"Intel Broadwell, Intel Haswell, Intel Ivy Bridge, Intel Sandy Bridge, Intel Skylake",104145.0,0.84,1200.0,52.0,"","",128.0,263168.0,1.0,16.0,0.0,1.0,8360.0,0.0,1.0,1.0,0.473212,0.255272,241.811332,217.61884,155.46372,186.34856,80.3,299.3,119.939,107.748,84.096,84.096,84.096,131.4,131.4,131.4,268.64
n1-highmem-96,n1,General-purpose,"96 vCPUs, 624 GB RAM",us,us-east1,"South Carolina","Moncks Corner, South Carolina, USA",US,31.0,575.77,0.0,33.8361,-81.1637,1349888.0,3.0,"us-east1-b, us-east1-c, us-east1-d",96.0,0,1.0,0.0,0.0,5.0,"Intel Broadwell, Intel Haswell, Intel Ivy Bridge, Intel Sandy Bridge, Intel Skylake",2.0,2.7,3.5,5.0,"Intel Broadwell, Intel Haswell, Intel Ivy Bridge, Intel Sandy Bridge, Intel Skylake",1233066.0,0.53,112.0,624.0,"","",128.0,524288.0,1.0,32.0,0.0,1.0,100320.0,1.0,1.0,1.0,5.678544,3.063264,2901.735984,2611.42608,1865.56464,2236.18272,80.3,299.3,119.939,107.748,756.864,756.864,756.864,1138.8,1138.8,1138.8,3223.68
n1-standard-1,n1,General-purpose,"1 vCPU, 3.75 GB RAM",us,us-east1,"South Carolina","Moncks Corner, South Carolina, USA",US,31.0,575.77,0.0,33.8361,-81.1637,1349888.0,3.0,"us-east1-b, us-east1-c, us-east1-d",1.0,0,1.0,0.0,0.0,5.0,"Intel Broadwell, Intel Haswell, Intel Ivy Bridge, Intel Sandy Bridge, Intel Skylake",2.0,2.7,3.5,5.0,"Intel Broadwell, Intel Haswell, Intel Ivy Bridge, Intel Sandy Bridge, Intel Skylake",20060.0,0.78,10434.0,3.75,"","",128.0,263168.0,1.0,2.0,0.0,0.0,"",0.0,1.0,1.0,0.04749975,0.0256225,24.27237225,21.8443375,15.6046625,18.704425,80.3,124.1,50.005,44.7198,10.512,10.512,10.512,16.425,16.425,16.425,33.58
n1-standard-16,n1,General-purpose,"16 vCPUs, 60 GB RAM",us,us-east1,"South Carolina","Moncks Corner, South Carolina, USA",US,31.0,575.77,0.0,33.8361,-81.1637,1349888.0,3.0,"us-east1-b, us-east1-c, us-east1-d",16.0,0,1.0,0.0,0.0,5.0,"Intel Broadwell, Intel Haswell, Intel Ivy Bridge, Intel Sandy Bridge, Intel Skylake",2.0,2.7,3.5,5.0,"Intel Broadwell, Intel Haswell, Intel Ivy Bridge, Intel Sandy Bridge, Intel Skylake",208193.0,0.58,624.0,60.0,"","",128.0,263168.0,1.0,32.0,0.0,1.0,16720.0,0.0,1.0,1.0,0.759996,0.40996,388.357956,349.5094,249.6746,299.2708,80.3,299.3,119.939,107.748,126.144,126.144,126.144,189.8,189.8,189.8,537.28
n1-standard-2,n1,General-purpose,"2 vCPUs, 7.5 GB RAM",us,us-east1,"South Carolina","Moncks Corner, South Carolina, USA",US,31.0,575.77,0.0,33.8361,-81.1637,1349888.0,3.0,"us-east1-b, us-east1-c, us-east1-d",2.0,0,1.0,0.0,0.0,5.0,"Intel Broadwell, Intel Haswell, Intel Ivy Bridge, Intel Sandy Bridge, Intel Skylake",2.0,2.7,3.5,5.0,"Intel Broadwell, Intel Haswell, Intel Ivy Bridge, Intel Sandy Bridge, Intel Skylake",26293.0,0.72,3696.0,7.5,"","",128.0,263168.0,1.0,10.0,0.0,0.0,"",0.0,1.0,1.0,0.0949995,0.051245,48.5447445,43.688675,31.209325,37.40885,80.3,124.1,50.005,44.7198,21.024,21.024,21.024,32.85,32.85,32.85,67.16
n1-standard-32,n1,General-purpose,"32 vCPUs, 120 GB RAM",us,us-east1,"South Carolina","Moncks Corner, South Carolina, USA",US,31.0,575.77,0.0,33.8361,-81.1637,1349888.0,3.0,"us-east1-b, us-east1-c, us-east1-d",32.0,0,1.0,0.0,0.0,5.0,"Intel Broadwell, Intel Haswell, Intel Ivy Bridge, Intel Sandy Bridge, Intel Skylake",2.0,2.7,3.5,5.0,"Intel Broadwell, Intel Haswell, Intel Ivy Bridge, Intel Sandy Bridge, Intel Skylake",414412.0,1.54,320.0,120.0,"","",128.0,524288.0,1.0,32.0,0.0,1.0,33440.0,0.0,1.0,1.0,1.519992,0.81992,776.715912,699.0188,499.3492,598.5416,80.3,299.3,119.939,107.748,252.288,252.288,252.288,379.6,379.6,379.6,1074.56
n1-standard-4,n1,General-purpose,"4 vCPUs, 15 GB RAM",us,us-east1,"South Carolina","Moncks Corner, South Carolina, USA",US,31.0,575.77,0.0,33.8361,-81.1637,1349888.0,3.0,"us-east1-b, us-east1-c, us-east1-d",4.0,0,1.0,0.0,0.0,5.0,"Intel Broadwell, Intel Haswell, Intel Ivy Bridge, Intel Sandy Bridge, Intel Skylake",2.0,2.7,3.5,5.0,"Intel Broadwell, Intel Haswell, Intel Ivy Bridge, Intel Sandy Bridge, Intel Skylake",52091.0,0.74,2368.0,15.0,"","",128.0,263168.0,1.0,10.0,0.0,0.0,"",0.0,1.0,1.0,0.189999,0.10249,97.089489,87.37735,62.41865,74.8177,80.3,248.2,100.01,89.425,42.048,42.048,42.048,65.7,65.7,65.7,134.32
n1-standard-64,n1,General-purpose,"64 vCPUs, 240 GB RAM",us,us-east1,"South Carolina","Moncks Corner, South Carolina, USA",US,31.0,575.77,0.0,33.8361,-81.1637,1349888.0,3.0,"us-east1-b, us-east1-c, us-east1-d",64.0,0,1.0,0.0,0.0,5.0,"Intel Broadwell, Intel Haswell, Intel Ivy Bridge, Intel Sandy Bridge, Intel Skylake",2.0,2.7,3.5,5.0,"Intel Broadwell, Intel Haswell, Intel Ivy Bridge, Intel Sandy Bridge, Intel Skylake",812905.0,3.64,160.0,240.0,"","",128.0,524288.0,1.0,32.0,0.0,1.0,66880.0,0.0,1.0,1.0,3.039984,1.63984,1553.431824,1398.0376,998.6984,1197.0832,80.3,299.3,119.939,107.748,504.576,504.576,504.576,759.2,759.2,759.2,2149.12
n1-standard-8,n1,General-purpose,"8 vCPUs, 30 GB RAM",us,us-east1,"South Carolina","Moncks Corner, South Carolina, USA",US,31.0,575.77,0.0,33.8361,-81.1637,1349888.0,3.0,"us-east1-b, us-east1-c, us-east1-d",8.0,0,1.0,0.0,0.0,5.0,"Intel Broadwell, Intel Haswell, Intel Ivy Bridge, Intel Sandy Bridge, Intel Skylake",2.0,2.7,3.5,5.0,"Intel Broadwell, Intel Haswell, Intel Ivy Bridge, Intel Sandy Bridge, Intel Skylake",104161.0,0.56,1200.0,30.0,"","",128.0,263168.0,1.0,16.0,0.0,1.0,8360.0,0.0,1.0,1.0,0.379998,0.20498,194.178978,174.7547,124.8373,149.6354,80.3,299.3,119.939,107.748,84.096,84.096,84.096,131.4,131.4,131.4,268.64
n1-standard-96,n1,General-purpose,"96 vCPUs, 360 GB RAM",us,us-east1,"South Carolina","Moncks Corner, South Carolina, USA",US,31.0,575.77,0.0,33.8361,-81.1637,1349888.0,3.0,"us-east1-b, us-east1-c, us-east1-d",96.0,0,1.0,0.0,0.0,5.0,"Intel Broadwell, Intel Haswell, Intel Ivy Bridge, Intel Sandy Bridge, Intel Skylake",2.0,2.7,3.5,5.0,"Intel Broadwell, Intel Haswell, Intel Ivy Bridge, Intel Sandy Bridge, Intel Skylake",1231358.0,0.49,112.0,360.0,"","",128.0,524288.0,1.0,32.0,0.0,1.0,100320.0,0.0,1.0,1.0,4.559976,2.45976,2330.147736,2097.0564,1498.0476,1795.6248,80.3,299.3,119.939,107.748,756.864,756.864,756.864,1138.8,1138.8,1138.8,3223.68
n2-highcpu-16,n2,General-purpose,"16 vCPUs 16 GB RAM",us,us-east1,"South Carolina","Moncks Corner, South Carolina, USA",US,31.0,575.77,0.0,33.8361,-81.1637,1349888.0,3.0,"us-east1-b, us-east1-c, us-east1-d",16.0,0,1.0,0.0,0.0,2.0,"Intel Cascade Lake, Intel Ice Lake",2.6,3.4,3.5,2.0,"Intel Cascade Lake, Intel Ice Lake",276855.0,0.71,632.0,16.0,"","",128.0,263168.0,1.0,32.0,0.0,0.0,"",0.0,1.0,1.0,0.573568,0.344032,335.047452928,263.78112,188.42176,251.14336,80.3,299.3,119.939,107.748,126.144,126.144,126.144,189.8,189.8,189.8,537.28
n2-highcpu-2,n2,General-purpose,"2 vCPUs 2 GB RAM",us,us-east1,"South Carolina","Moncks Corner, South Carolina, USA",US,31.0,575.77,0.0,33.8361,-81.1637,1349888.0,3.0,"us-east1-b, us-east1-c, us-east1-d",2.0,0,1.0,0.0,0.0,2.0,"Intel Cascade Lake, Intel Ice Lake",2.6,3.4,3.5,2.0,"Intel Cascade Lake, Intel Ice Lake",34740.0,0.53,3688.0,2.0,"","",128.0,263168.0,1.0,10.0,0.0,0.0,"",0.0,1.0,1.0,0.071696,0.043004,41.880931616,32.97264,23.55272,31.39292,80.3,124.1,50.005,44.7198,21.024,21.024,21.024,32.85,32.85,32.85,67.16
n2-highcpu-32,n2,General-purpose,"32 vCPUs 32 GB RAM",us,us-east1,"South Carolina","Moncks Corner, South Carolina, USA",US,31.0,575.77,0.0,33.8361,-81.1637,1349888.0,3.0,"us-east1-b, us-east1-c, us-east1-d",32.0,0,1.0,0.0,0.0,2.0,"Intel Cascade Lake, Intel Ice Lake",2.6,3.4,3.5,2.0,"Intel Cascade Lake, Intel Ice Lake",550940.0,1.6,312.0,32.0,"","",128.0,524288.0,1.0,32.0,50.0,0.0,"",0.0,1.0,1.0,1.147136,0.688064,670.094905856,527.56224,376.84352,502.28672,80.3,299.3,119.939,107.748,252.288,252.288,252.288,379.6,379.6,379.6,1074.56
n2-highcpu-4,n2,General-purpose,"4 vCPUs 4 GB RAM",us,us-east1,"South Carolina","Moncks Corner, South Carolina, USA",US,31.0,575.77,0.0,33.8361,-81.1637,1349888.0,3.0,"us-east1-b, us-east1-c, us-east1-d",4.0,0,1.0,0.0,0.0,2.0,"Intel Cascade Lake, Intel Ice Lake",2.6,3.4,3.5,2.0,"Intel Cascade Lake, Intel Ice Lake",66908.0,0.64,2328.0,4.0,"","",128.0,263168.0,1.0,10.0,0.0,0.0,"",0.0,1.0,1.0,0.143392,0.086008,83.761863232,65.94528,47.10544,62.78584,80.3,248.2,100.01,89.425,42.048,42.048,42.048,65.7,65.7,65.7,134.32
n2-highcpu-48,n2,General-purpose,"48 vCPUs 48 GB RAM",us,us-east1,"South Carolina","Moncks Corner, South Carolina, USA",US,31.0,575.77,0.0,33.8361,-81.1637,1349888.0,3.0,"us-east1-b, us-east1-c, us-east1-d",48.0,0,1.0,0.0,0.0,2.0,"Intel Cascade Lake, Intel Ice Lake",2.6,3.4,3.5,2.0,"Intel Cascade Lake, Intel Ice Lake",822890.0,1.82,216.0,48.0,"","",128.0,524288.0,1.0,32.0,50.0,0.0,"",0.0,1.0,1.0,1.720704,1.032096,1005.142358784,791.34336,565.26528,753.43008,80.3,299.3,119.939,107.748,378.432,378.432,378.432,569.4,569.4,569.4,1611.84
n2-highcpu-64,n2,General-purpose,"64 vCPUs 64 GB RAM",us,us-east1,"South Carolina","Moncks Corner, South Carolina, USA",US,31.0,575.77,0.0,33.8361,-81.1637,1349888.0,3.0,"us-east1-b, us-east1-c, us-east1-d",64.0,0,1.0,0.0,0.0,2.0,"Intel Cascade Lake, Intel Ice Lake",2.6,3.4,3.5,2.0,"Intel Cascade Lake, Intel Ice Lake",1100249.0,1.18,160.0,64.0,"","",128.0,524288.0,1.0,32.0,75.0,0.0,"",0.0,1.0,1.0,2.294272,1.376128,1340.189811712,1055.12448,753.68704,1004.57344,80.3,299.3,119.939,107.748,504.576,504.576,504.576,759.2,759.2,759.2,2149.12
n2-highcpu-8,n2,General-purpose,"8 vCPUs 8 GB RAM",us,us-east1,"South Carolina","Moncks Corner, South Carolina, USA",US,31.0,575.77,0.0,33.8361,-81.1637,1349888.0,3.0,"us-east1-b, us-east1-c, us-east1-d",8.0,0,1.0,0.0,0.0,2.0,"Intel Cascade Lake, Intel Ice Lake",2.6,3.4,3.5,2.0,"Intel Cascade Lake, Intel Ice Lake",138600.0,0.75,1208.0,8.0,"","",128.0,263168.0,1.0,16.0,0.0,0.0,"",0.0,1.0,1.0,0.286784,0.172016,167.523726464,131.89056,94.21088,125.57168,80.3,299.3,119.939,107.748,84.096,84.096,84.096,131.4,131.4,131.4,268.64
n2-highcpu-80,n2,General-purpose,"80 vCPUs 80 GB RAM",us,us-east1,"South Carolina","Moncks Corner, South Carolina, USA",US,31.0,575.77,0.0,33.8361,-81.1637,1349888.0,3.0,"us-east1-b, us-east1-c, us-east1-d",80.0,0,1.0,0.0,0.0,2.0,"Intel Cascade Lake, Intel Ice Lake",2.6,3.4,3.5,2.0,"Intel Cascade Lake, Intel Ice Lake",1377373.0,1.08,128.0,80.0,"","",128.0,524288.0,1.0,32.0,100.0,0.0,"",0.0,1.0,1.0,2.86784,1.72016,1675.23726464,1318.9056,942.1088,1255.7168,80.3,299.3,119.939,107.748,630.72,630.72,630.72,949.0,949.0,949.0,2686.4
n2-highcpu-96,n2,General-purpose,"96 vCPUs 96 GB RAM",us,us-east1,"South Carolina","Moncks Corner, South Carolina, USA",US,31.0,575.77,0.0,33.8361,-81.1637,1349888.0,3.0,"us-east1-b, us-east1-c, us-east1-d",96.0,0,1.0,0.0,0.0,2.0,"Intel Cascade Lake, Intel Ice Lake",2.6,3.4,3.5,2.0,"Intel Cascade Lake, Intel Ice Lake","","","",96.0,"","",128.0,524288.0,1.0,32.0,100.0,0.0,"",0.0,1.0,1.0,3.441408,2.064192,2010.284717568,1582.68672,1130.53056,1506.86016,80.3,299.3,119.939,107.748,756.864,756.864,756.864,1138.8,1138.8,1138.8,3223.68
n2-highmem-128,n2,General-purpose,"128 vCPUs 864 GB RAM",us,us-east1,"South Carolina","Moncks Corner, South Carolina, USA",US,31.0,575.77,0.0,33.8361,-81.1637,1349888.0,3.0,"us-east1-b, us-east1-c, us-east1-d",128.0,0,1.0,0.0,0.0,2.0,"Intel Cascade Lake, Intel Ice Lake",2.6,3.4,3.5,2.0,"Intel Cascade Lake, Intel Ice Lake",2191510.0,0.81,88.0,864.0,"","",128.0,524288.0,1.0,32.0,100.0,1.0,183350.0,1.0,1.0,1.0,7.706976,4.623168,4501.999202496,3544.24928,2531.96704,3374.91264,80.3,299.3,119.939,107.748,897.024,897.024,897.024,1401.6,1401.6,1401.6,4298.24
n2-highmem-16,n2,General-purpose,"16 vCPUs 128 GB RAM",us,us-east1,"South Carolina","Moncks Corner, South Carolina, USA",US,31.0,575.77,0.0,33.8361,-81.1637,1349888.0,3.0,"us-east1-b, us-east1-c, us-east1-d",16.0,0,1.0,0.0,0.0,2.0,"Intel Cascade Lake, Intel Ice Lake",2.6,3.4,3.5,2.0,"Intel Cascade Lake, Intel Ice Lake",276327.0,0.91,624.0,128.0,"","",128.0,263168.0,1.0,32.0,0.0,1.0,28593.0,0.0,1.0,1.0,1.048112,0.628736,612.250432352,481.99856,344.33808,458.97728,80.3,299.3,119.939,107.748,126.144,126.144,126.144,189.8,189.8,189.8,537.28
n2-highmem-2,n2,General-purpose,"2 vCPUs 16 GB RAM",us,us-east1,"South Carolina","Moncks Corner, South Carolina, USA",US,31.0,575.77,0.0,33.8361,-81.1637,1349888.0,3.0,"us-east1-b, us-east1-c, us-east1-d",2.0,0,1.0,0.0,0.0,2.0,"Intel Cascade Lake, Intel Ice Lake",2.6,3.4,3.5,2.0,"Intel Cascade Lake, Intel Ice Lake",34695.0,0.82,3688.0,16.0,"","",128.0,263168.0,1.0,10.0,0.0,1.0,3574.0,0.0,1.0,1.0,0.131014,0.078592,76.531304044,60.24982,43.04226,57.37216,80.3,124.1,50.005,44.7198,21.024,21.024,21.024,32.85,32.85,32.85,67.16
n2-highmem-32,n2,General-purpose,"32 vCPUs 256 GB RAM",us,us-east1,"South Carolina","Moncks Corner, South Carolina, USA",US,31.0,575.77,0.0,33.8361,-81.1637,1349888.0,3.0,"us-east1-b, us-east1-c, us-east1-d",32.0,0,1.0,0.0,0.0,2.0,"Intel Cascade Lake, Intel Ice Lake",2.6,3.4,3.5,2.0,"Intel Cascade Lake, Intel Ice Lake",550448.0,1.23,320.0,256.0,"","",128.0,524288.0,1.0,32.0,50.0,1.0,57185.0,1.0,1.0,1.0,2.096224,1.257472,1224.500864704,963.99712,688.67616,917.95456,80.3,299.3,119.939,107.748,252.288,252.288,252.288,379.6,379.6,379.6,1074.56
n2-highmem-4,n2,General-purpose,"4 vCPUs 32 GB RAM",us,us-east1,"South Carolina","Moncks Corner, South Carolina, USA",US,31.0,575.77,0.0,33.8361,-81.1637,1349888.0,3.0,"us-east1-b, us-east1-c, us-east1-d",4.0,0,1.0,0.0,0.0,2.0,"Intel Cascade Lake, Intel Ice Lake",2.6,3.4,3.5,2.0,"Intel Cascade Lake, Intel Ice Lake",66798.0,0.6,2344.0,32.0,"","",128.0,263168.0,1.0,10.0,0.0,1.0,7148.0,0.0,1.0,1.0,0.262028,0.157184,153.062608088,120.49964,86.08452,114.74432,80.3,248.2,100.01,89.425,42.048,42.048,42.048,65.7,65.7,65.7,134.32
n2-highmem-48,n2,General-purpose,"48 vCPUs 384 GB RAM",us,us-east1,"South Carolina","Moncks Corner, South Carolina, USA",US,31.0,575.77,0.0,33.8361,-81.1637,1349888.0,3.0,"us-east1-b, us-east1-c, us-east1-d",48.0,0,1.0,0.0,0.0,2.0,"Intel Cascade Lake, Intel Ice Lake",2.6,3.4,3.5,2.0,"Intel Cascade Lake, Intel Ice Lake",814034.0,1.88,208.0,384.0,"","",128.0,524288.0,1.0,32.0,50.0,1.0,85778.0,1.0,1.0,1.0,3.144336,1.886208,1836.751297056,1445.99568,1033.01424,1376.93184,80.3,299.3,119.939,107.748,378.432,378.432,378.432,569.4,569.4,569.4,1611.84
n2-highmem-64,n2,General-purpose,"64 vCPUs 512 GB RAM",us,us-east1,"South Carolina","Moncks Corner, South Carolina, USA",US,31.0,575.77,0.0,33.8361,-81.1637,1349888.0,3.0,"us-east1-b, us-east1-c, us-east1-d",64.0,0,1.0,0.0,0.0,2.0,"Intel Cascade Lake, Intel Ice Lake",2.6,3.4,3.5,2.0,"Intel Cascade Lake, Intel Ice Lake",1097943.0,1.34,160.0,512.0,"","",128.0,524288.0,1.0,32.0,75.0,1.0,114370.0,1.0,1.0,1.0,4.192448,2.514944,2449.001729408,1927.99424,1377.35232,1835.90912,80.3,299.3,119.939,107.748,504.576,504.576,504.576,759.2,759.2,759.2,2149.12
n2-highmem-8,n2,General-purpose,"8 vCPUs 64 GB RAM",us,us-east1,"South Carolina","Moncks Corner, South Carolina, USA",US,31.0,575.77,0.0,33.8361,-81.1637,1349888.0,3.0,"us-east1-b, us-east1-c, us-east1-d",8.0,0,1.0,0.0,0.0,2.0,"Intel Cascade Lake, Intel Ice Lake",2.6,3.4,3.5,2.0,"Intel Cascade Lake, Intel Ice Lake",138406.0,0.79,1192.0,64.0,"","",128.0,263168.0,1.0,16.0,0.0,1.0,14296.0,0.0,1.0,1.0,0.524056,0.314368,306.125216176,240.99928,172.16904,229.48864,80.3,299.3,119.939,107.748,84.096,84.096,84.096,131.4,131.4,131.4,268.64
n2-highmem-80,n2,General-purpose,"80 vCPUs 640 GB RAM",us,us-east1,"South Carolina","Moncks Corner, South Carolina, USA",US,31.0,575.77,0.0,33.8361,-81.1637,1349888.0,3.0,"us-east1-b, us-east1-c, us-east1-d",80.0,0,1.0,0.0,0.0,2.0,"Intel Cascade Lake, Intel Ice Lake",2.6,3.4,3.5,2.0,"Intel Cascade Lake, Intel Ice Lake",1361752.0,1.97,128.0,640.0,"","",128.0,524288.0,1.0,32.0,100.0,1.0,133400.0,1.0,1.0,1.0,5.24056,3.14368,3061.25216176,2409.9928,1721.6904,2294.8864,80.3,299.3,119.939,107.748,630.72,630.72,630.72,949.0,949.0,949.0,2686.4
n2-highmem-96,n2,General-purpose,"96 vCPUs 768 GB RAM",us,us-east1,"South Carolina","Moncks Corner, South Carolina, USA",US,31.0,575.77,0.0,33.8361,-81.1637,1349888.0,3.0,"us-east1-b, us-east1-c, us-east1-d",96.0,0,1.0,0.0,0.0,2.0,"Intel Cascade Lake, Intel Ice Lake",2.6,3.4,3.5,2.0,"Intel Cascade Lake, Intel Ice Lake",1643949.0,1.1,112.0,768.0,"","",128.0,524288.0,1.0,32.0,100.0,1.0,160080.0,1.0,1.0,1.0,6.288672,3.772416,3673.502594112,2891.99136,2066.02848,2753.86368,80.3,299.3,119.939,107.748,756.864,756.864,756.864,1138.8,1138.8,1138.8,3223.68
n2-standard-128,n2,General-purpose,"128 vCPUs 512 GB RAM",us,us-east1,"South Carolina","Moncks Corner, South Carolina, USA",US,31.0,575.77,0.0,33.8361,-81.1637,1349888.0,3.0,"us-east1-b, us-east1-c, us-east1-d",128.0,0,1.0,0.0,0.0,2.0,"Intel Cascade Lake, Intel Ice Lake",2.6,3.4,3.5,2.0,"Intel Cascade Lake, Intel Ice Lake",2169248.0,2.33,88.0,512.0,"","",128.0,524288.0,1.0,32.0,100.0,1.0,183900.0,0.0,1.0,1.0,6.215552,3.728384,3630.789838592,2858.42304,2041.94432,2721.72032,80.3,299.3,119.939,107.748,897.024,897.024,897.024,1401.6,1401.6,1401.6,4298.24
n2-standard-16,n2,General-purpose,"16 vCPUs 64 GB RAM",us,us-east1,"South Carolina","Moncks Corner, South Carolina, USA",US,31.0,575.77,0.0,33.8361,-81.1637,1349888.0,3.0,"us-east1-b, us-east1-c, us-east1-d",16.0,0,1.0,0.0,0.0,2.0,"Intel Cascade Lake, Intel Ice Lake",2.6,3.4,3.5,2.0,"Intel Cascade Lake, Intel Ice Lake",277010.0,0.72,616.0,64.0,"","",128.0,263168.0,1.0,32.0,0.0,1.0,28608.0,0.0,1.0,1.0,0.776944,0.466048,453.848729824,357.30288,255.24304,340.21504,80.3,299.3,119.939,107.748,126.144,126.144,126.144,189.8,189.8,189.8,537.28
n2-standard-2,n2,General-purpose,"2 vCPUs 8 GB RAM",us,us-east1,"South Carolina","Moncks Corner, South Carolina, USA",US,31.0,575.77,0.0,33.8361,-81.1637,1349888.0,3.0,"us-east1-b, us-east1-c, us-east1-d",2.0,0,1.0,0.0,0.0,2.0,"Intel Cascade Lake, Intel Ice Lake",2.6,3.4,3.5,2.0,"Intel Cascade Lake, Intel Ice Lake",34735.0,0.53,3672.0,8.0,"","",128.0,263168.0,1.0,10.0,0.0,1.0,3576.0,0.0,1.0,1.0,0.097118,0.058256,56.731091228,44.66286,31.90538,42.52688,80.3,124.1,50.005,44.7198,21.024,21.024,21.024,32.85,32.85,32.85,67.16
n2-standard-32,n2,General-purpose,"32 vCPUs 128 GB RAM",us,us-east1,"South Carolina","Moncks Corner, South Carolina, USA",US,31.0,575.77,0.0,33.8361,-81.1637,1349888.0,3.0,"us-east1-b, us-east1-c, us-east1-d",32.0,0,1.0,0.0,0.0,2.0,"Intel Cascade Lake, Intel Ice Lake",2.6,3.4,3.5,2.0,"Intel Cascade Lake, Intel Ice Lake",553662.0,0.77,312.0,128.0,"","",128.0,524288.0,1.0,32.0,50.0,1.0,57215.0,0.0,1.0,1.0,1.553888,0.932096,907.697459648,714.60576,510.48608,680.43008,80.3,299.3,119.939,107.748,252.288,252.288,252.288,379.6,379.6,379.6,1074.56
n2-standard-4,n2,General-purpose,"4 vCPUs 16 GB RAM",us,us-east1,"South Carolina","Moncks Corner, South Carolina, USA",US,31.0,575.77,0.0,33.8361,-81.1637,1349888.0,3.0,"us-east1-b, us-east1-c, us-east1-d",4.0,0,1.0,0.0,0.0,2.0,"Intel Cascade Lake, Intel Ice Lake",2.6,3.4,3.5,2.0,"Intel Cascade Lake, Intel Ice Lake",66884.0,0.61,2336.0,16.0,"","",128.0,263168.0,1.0,10.0,0.0,1.0,7152.0,0.0,1.0,1.0,0.194236,0.116512,113.462182456,89.32572,63.81076,85.05376,80.3,248.2,100.01,89.425,42.048,42.048,42.048,65.7,65.7,65.7,134.32
n2-standard-48,n2,General-purpose,"48 vCPUs 192 GB RAM",us,us-east1,"South Carolina","Moncks Corner, South Carolina, USA",US,31.0,575.77,0.0,33.8361,-81.1637,1349888.0,3.0,"us-east1-b, us-east1-c, us-east1-d",48.0,0,1.0,0.0,0.0,2.0,"Intel Cascade Lake, Intel Ice Lake",2.6,3.4,3.5,2.0,"Intel Cascade Lake, Intel Ice Lake",824915.0,1.18,216.0,192.0,"","",128.0,524288.0,1.0,32.0,50.0,1.0,85823.0,0.0,1.0,1.0,2.330832,1.398144,1361.546189472,1071.90864,765.72912,1020.64512,80.3,299.3,119.939,107.748,378.432,378.432,378.432,569.4,569.4,569.4,1611.84
n2-standard-64,n2,General-purpose,"64 vCPUs 256 GB RAM",us,us-east1,"South Carolina","Moncks Corner, South Carolina, USA",US,31.0,575.77,0.0,33.8361,-81.1637,1349888.0,3.0,"us-east1-b, us-east1-c, us-east1-d",64.0,0,1.0,0.0,0.0,2.0,"Intel Cascade Lake, Intel Ice Lake",2.6,3.4,3.5,2.0,"Intel Cascade Lake, Intel Ice Lake",1091008.0,1.34,168.0,256.0,"","",128.0,524288.0,1.0,32.0,75.0,1.0,114430.0,0.0,1.0,1.0,3.107776,1.864192,1815.394919296,1429.21152,1020.97216,1360.86016,80.3,299.3,119.939,107.748,504.576,504.576,504.576,759.2,759.2,759.2,2149.12
n2-standard-8,n2,General-purpose,"8 vCPUs 32 GB RAM",us,us-east1,"South Carolina","Moncks Corner, South Carolina, USA",US,31.0,575.77,0.0,33.8361,-81.1637,1349888.0,3.0,"us-east1-b, us-east1-c, us-east1-d",8.0,0,1.0,0.0,0.0,2.0,"Intel Cascade Lake, Intel Ice Lake",2.6,3.4,3.5,2.0,"Intel Cascade Lake, Intel Ice Lake",138567.0,0.67,1592.0,32.0,"","",128.0,263168.0,1.0,16.0,0.0,1.0,14304.0,0.0,1.0,1.0,0.388472,0.233024,226.924364912,178.65144,127.62152,170.10752,80.3,299.3,119.939,107.748,84.096,84.096,84.096,131.4,131.4,131.4,268.64
n2-standard-80,n2,General-purpose,"80 vCPUs 320 GB RAM",us,us-east1,"South Carolina","Moncks Corner, South Carolina, USA",US,31.0,575.77,0.0,33.8361,-81.1637,1349888.0,3.0,"us-east1-b, us-east1-c, us-east1-d",80.0,0,1.0,0.0,0.0,2.0,"Intel Cascade Lake, Intel Ice Lake",2.6,3.4,3.5,2.0,"Intel Cascade Lake, Intel Ice Lake",1365998.0,1.53,128.0,320.0,"","",128.0,524288.0,1.0,32.0,100.0,1.0,133183.0,0.0,1.0,1.0,3.88472,2.33024,2269.24364912,1786.5144,1276.2152,1701.0752,80.3,299.3,119.939,107.748,630.72,630.72,630.72,949.0,949.0,949.0,2686.4
n2-standard-96,n2,General-purpose,"96 vCPUs 384 GB RAM",us,us-east1,"South Carolina","Moncks Corner, South Carolina, USA",US,31.0,575.77,0.0,33.8361,-81.1637,1349888.0,3.0,"us-east1-b, us-east1-c, us-east1-d",96.0,0,1.0,0.0,0.0,2.0,"Intel Cascade Lake, Intel Ice Lake",2.6,3.4,3.5,2.0,"Intel Cascade Lake, Intel Ice Lake",1651980.0,0.93,112.0,384.0,"","",128.0,524288.0,1.0,32.0,100.0,1.0,159820.0,0.0,1.0,1.0,4.661664,2.796288,2723.092378944,2143.81728,1531.45824,2041.29024,80.3,299.3,119.939,107.748,756.864,756.864,756.864,1138.8,1138.8,1138.8,3223.68
n2d-highcpu-128,n2d,General-purpose,"128 vCPUs 128 GB RAM",us,us-east1,"South Carolina","Moncks Corner, South Carolina, USA",US,31.0,575.77,0.0,33.8361,-81.1637,1349888.0,3.0,"us-east1-b, us-east1-c, us-east1-d",128.0,0,0.0,1.0,0.0,2.0,"AMD Milan, AMD Rome",2.45,2.8,3.5,2.0,"AMD Milan, AMD Rome","","","",128.0,"","",128.0,524288.0,1.0,32.0,100.0,0.0,"",0.0,1.0,1.0,3.992064,1.608192,2331.948217344,1835.90912,1311.4304,1173.98016,80.3,299.3,119.939,107.748,897.024,897.024,897.024,1401.6,1401.6,1401.6,4298.24
n2d-highcpu-16,n2d,General-purpose,"16 vCPUs 16 GB RAM",us,us-east1,"South Carolina","Moncks Corner, South Carolina, USA",US,31.0,575.77,0.0,33.8361,-81.1637,1349888.0,3.0,"us-east1-b, us-east1-c, us-east1-d",16.0,0,0.0,1.0,0.0,2.0,"AMD Milan, AMD Rome",2.45,2.8,3.5,2.0,"AMD Milan, AMD Rome",327122.0,1.22,628.0,16.0,"","",128.0,263168.0,1.0,32.0,0.0,0.0,"",0.0,1.0,1.0,0.499008,0.201024,291.493527168,229.48864,163.9288,146.74752,80.3,299.3,119.939,107.748,126.144,126.144,126.144,189.8,189.8,189.8,537.28
n2d-highcpu-2,n2d,General-purpose,"2 vCPUs 2 GB RAM",us,us-east1,"South Carolina","Moncks Corner, South Carolina, USA",US,31.0,575.77,0.0,33.8361,-81.1637,1349888.0,3.0,"us-east1-b, us-east1-c, us-east1-d",2.0,0,0.0,1.0,0.0,2.0,"AMD Milan, AMD Rome",2.45,2.8,3.5,2.0,"AMD Milan, AMD Rome",41112.0,0.76,3696.0,2.0,"","",128.0,263168.0,1.0,10.0,0.0,0.0,"",0.0,1.0,1.0,0.062376,0.025128,36.436690896,28.68608,20.4911,18.34344,80.3,124.1,50.005,44.7198,21.024,21.024,21.024,32.85,32.85,32.85,67.16
n2d-highcpu-224,n2d,General-purpose,"224 vCPUs 224 GB RAM",us,us-east1,"South Carolina","Moncks Corner, South Carolina, USA",US,31.0,575.77,0.0,33.8361,-81.1637,1349888.0,3.0,"us-east1-b, us-east1-c, us-east1-d",224.0,0,0.0,1.0,0.0,2.0,"AMD Milan, AMD Rome",2.45,2.8,3.5,2.0,"AMD Milan, AMD Rome","","","",224.0,"","",128.0,524288.0,1.0,32.0,100.0,0.0,"",0.0,1.0,1.0,6.986112,2.814336,4080.909380352,3212.84096,2295.0032,2054.46528,80.3,299.3,119.939,107.748,1569.792,1569.792,1569.792,2452.8,2452.8,2452.8,7521.92
n2d-highcpu-32,n2d,General-purpose,"32 vCPUs 32 GB RAM",us,us-east1,"South Carolina","Moncks Corner, South Carolina, USA",US,31.0,575.77,0.0,33.8361,-81.1637,1349888.0,3.0,"us-east1-b, us-east1-c, us-east1-d",32.0,0,0.0,1.0,0.0,2.0,"AMD Milan, AMD Rome",2.45,2.8,3.5,2.0,"AMD Milan, AMD Rome",654523.0,0.82,320.0,32.0,"","",128.0,524288.0,1.0,32.0,0.0,0.0,"",0.0,1.0,1.0,0.998016,0.402048,582.987054336,458.97728,327.8576,293.49504,80.3,299.3,119.939,107.748,252.288,252.288,252.288,379.6,379.6,379.6,1074.56
n2d-highcpu-4,n2d,General-purpose,"4 vCPUs 4 GB RAM",us,us-east1,"South Carolina","Moncks Corner, South Carolina, USA",US,31.0,575.77,0.0,33.8361,-81.1637,1349888.0,3.0,"us-east1-b, us-east1-c, us-east1-d",4.0,0,0.0,1.0,0.0,2.0,"AMD Milan, AMD Rome",2.45,2.8,3.5,2.0,"AMD Milan, AMD Rome",80173.0,0.93,2352.0,4.0,"","",128.0,263168.0,1.0,10.0,0.0,0.0,"",0.0,1.0,1.0,0.124752,0.050256,72.873381792,57.37216,40.9822,36.68688,80.3,248.2,100.01,89.425,42.048,42.048,42.048,65.7,65.7,65.7,134.32
n2d-highcpu-48,n2d,General-purpose,"48 vCPUs 48 GB RAM",us,us-east1,"South Carolina","Moncks Corner, South Carolina, USA",US,31.0,575.77,0.0,33.8361,-81.1637,1349888.0,3.0,"us-east1-b, us-east1-c, us-east1-d",48.0,0,0.0,1.0,0.0,2.0,"AMD Milan, AMD Rome",2.45,2.8,3.5,2.0,"AMD Milan, AMD Rome",973067.0,2.52,216.0,48.0,"","",128.0,524288.0,1.0,32.0,50.0,0.0,"",0.0,1.0,1.0,1.497024,0.603072,874.480581504,688.46592,491.7864,440.24256,80.3,299.3,119.939,107.748,378.432,378.432,378.432,569.4,569.4,569.4,1611.84
n2d-highcpu-64,n2d,General-purpose,"64 vCPUs 64 GB RAM",us,us-east1,"South Carolina","Moncks Corner, South Carolina, USA",US,31.0,575.77,0.0,33.8361,-81.1637,1349888.0,3.0,"us-east1-b, us-east1-c, us-east1-d",64.0,0,0.0,1.0,0.0,2.0,"AMD Milan, AMD Rome",2.45,2.8,3.5,2.0,"AMD Milan, AMD Rome",1174712.0,4.22,160.0,64.0,"","",128.0,524288.0,1.0,32.0,50.0,0.0,"",0.0,1.0,1.0,1.996032,0.804096,1165.974108672,917.95456,655.7152,586.99008,80.3,299.3,119.939,107.748,504.576,504.576,504.576,759.2,759.2,759.2,2149.12
n2d-highcpu-8,n2d,General-purpose,"8 vCPUs 8 GB RAM",us,us-east1,"South Carolina","Moncks Corner, South Carolina, USA",US,31.0,575.77,0.0,33.8361,-81.1637,1349888.0,3.0,"us-east1-b, us-east1-c, us-east1-d",8.0,0,0.0,1.0,0.0,2.0,"AMD Milan, AMD Rome",2.45,2.8,3.5,2.0,"AMD Milan, AMD Rome",163935.0,0.83,1192.0,8.0,"","",128.0,263168.0,1.0,16.0,0.0,0.0,"",0.0,1.0,1.0,0.249504,0.100512,145.746763584,114.74432,81.9644,73.37376,80.3,299.3,119.939,107.748,84.096,84.096,84.096,131.4,131.4,131.4,268.64
n2d-highcpu-80,n2d,General-purpose,"80 vCPUs 80 GB RAM",us,us-east1,"South Carolina","Moncks Corner, South Carolina, USA",US,31.0,575.77,0.0,33.8361,-81.1637,1349888.0,3.0,"us-east1-b, us-east1-c, us-east1-d",80.0,0,0.0,1.0,0.0,2.0,"AMD Milan, AMD Rome",2.45,2.8,3.5,2.0,"AMD Milan, AMD Rome",1478174.0,3.51,128.0,80.0,"","",128.0,524288.0,1.0,32.0,50.0,0.0,"",0.0,1.0,1.0,2.49504,1.00512,1457.46763584,1147.4432,819.644,733.7376,80.3,299.3,119.939,107.748,630.72,630.72,630.72,949.0,949.0,949.0,2686.4
n2d-highcpu-96,n2d,General-purpose,"96 vCPUs 96 GB RAM",us,us-east1,"South Carolina","Moncks Corner, South Carolina, USA",US,31.0,575.77,0.0,33.8361,-81.1637,1349888.0,3.0,"us-east1-b, us-east1-c, us-east1-d",96.0,0,0.0,1.0,0.0,2.0,"AMD Milan, AMD Rome",2.45,2.8,3.5,2.0,"AMD Milan, AMD Rome",1801312.0,4.94,112.0,96.0,"","",128.0,524288.0,1.0,32.0,100.0,0.0,"",0.0,1.0,1.0,2.994048,1.206144,1748.961163008,1376.93184,983.5728,880.48512,80.3,299.3,119.939,107.748,756.864,756.864,756.864,1138.8,1138.8,1138.8,3223.68
n2d-highmem-16,n2d,General-purpose,"16 vCPUs 128 GB RAM",us,us-east1,"South Carolina","Moncks Corner, South Carolina, USA",US,31.0,575.77,0.0,33.8361,-81.1637,1349888.0,3.0,"us-east1-b, us-east1-c, us-east1-d",16.0,0,0.0,1.0,0.0,2.0,"AMD Milan, AMD Rome",2.45,2.8,3.5,2.0,"AMD Milan, AMD Rome",327341.0,1.29,632.0,128.0,"","",128.0,263168.0,1.0,32.0,0.0,1.0,25283.0,0.0,1.0,1.0,0.91184,0.367232,532.64768864,419.33536,299.56864,268.07936,80.3,299.3,119.939,107.748,126.144,126.144,126.144,189.8,189.8,189.8,537.28
n2d-highmem-2,n2d,General-purpose,"2 vCPUs 16 GB RAM",us,us-east1,"South Carolina","Moncks Corner, South Carolina, USA",US,31.0,575.77,0.0,33.8361,-81.1637,1349888.0,3.0,"us-east1-b, us-east1-c, us-east1-d",2.0,0,0.0,1.0,0.0,2.0,"AMD Milan, AMD Rome",2.45,2.8,3.5,2.0,"AMD Milan, AMD Rome",41073.0,1.04,3682.0,16.0,"","",128.0,263168.0,1.0,10.0,0.0,1.0,3160.0,0.0,1.0,1.0,0.11398,0.045904,66.58096108,52.41692,37.44608,33.50992,80.3,124.1,50.005,44.7198,21.024,21.024,21.024,32.85,32.85,32.85,67.16
n2d-highmem-32,n2d,General-purpose,"32 vCPUs 256 GB RAM",us,us-east1,"South Carolina","Moncks Corner, South Carolina, USA",US,31.0,575.77,0.0,33.8361,-81.1637,1349888.0,3.0,"us-east1-b, us-east1-c, us-east1-d",32.0,0,0.0,1.0,0.0,2.0,"AMD Milan, AMD Rome",2.45,2.8,3.5,2.0,"AMD Milan, AMD Rome",652572.0,1.59,312.0,256.0,"","",128.0,524288.0,1.0,32.0,0.0,1.0,50565.0,0.0,1.0,1.0,1.82368,0.734464,1065.29537728,838.67072,599.13728,536.15872,80.3,299.3,119.939,107.748,252.288,252.288,252.288,379.6,379.6,379.6,1074.56
n2d-highmem-4,n2d,General-purpose,"4 vCPUs 32 GB RAM",us,us-east1,"South Carolina","Moncks Corner, South Carolina, USA",US,31.0,575.77,0.0,33.8361,-81.1637,1349888.0,3.0,"us-east1-b, us-east1-c, us-east1-d",4.0,0,0.0,1.0,0.0,2.0,"AMD Milan, AMD Rome",2.45,2.8,3.5,2.0,"AMD Milan, AMD Rome",80065.0,1.0,2344.0,32.0,"","",128.0,263168.0,1.0,10.0,0.0,1.0,6321.0,0.0,1.0,1.0,0.22796,0.091808,133.16192216,104.83384,74.89216,67.01984,80.3,248.2,100.01,89.425,42.048,42.048,42.048,65.7,65.7,65.7,134.32
n2d-highmem-48,n2d,General-purpose,"48 vCPUs 384 GB RAM",us,us-east1,"South Carolina","Moncks Corner, South Carolina, USA",US,31.0,575.77,0.0,33.8361,-81.1637,1349888.0,3.0,"us-east1-b, us-east1-c, us-east1-d",48.0,0,0.0,1.0,0.0,2.0,"AMD Milan, AMD Rome",2.45,2.8,3.5,2.0,"AMD Milan, AMD Rome",975016.0,2.19,216.0,384.0,"","",128.0,524288.0,1.0,32.0,50.0,1.0,75848.0,0.0,1.0,1.0,2.73552,1.101696,1597.94306592,1258.00608,898.70592,804.23808,80.3,299.3,119.939,107.748,378.432,378.432,378.432,569.4,569.4,569.4,1611.84
n2d-highmem-64,n2d,General-purpose,"64 vCPUs 512 GB RAM",us,us-east1,"South Carolina","Moncks Corner, South Carolina, USA",US,31.0,575.77,0.0,33.8361,-81.1637,1349888.0,3.0,"us-east1-b, us-east1-c, us-east1-d",64.0,0,0.0,1.0,0.0,2.0,"AMD Milan, AMD Rome",2.45,2.8,3.5,2.0,"AMD Milan, AMD Rome",1198883.0,3.25,160.0,512.0,"","",128.0,524288.0,1.0,32.0,50.0,1.0,101130.0,0.0,1.0,1.0,3.64736,1.468928,2130.59075456,1677.34144,1198.27456,1072.31744,80.3,299.3,119.939,107.748,504.576,504.576,504.576,759.2,759.2,759.2,2149.12
n2d-highmem-8,n2d,General-purpose,"8 vCPUs 64 GB RAM",us,us-east1,"South Carolina","Moncks Corner, South Carolina, USA",US,31.0,575.77,0.0,33.8361,-81.1637,1349888.0,3.0,"us-east1-b, us-east1-c, us-east1-d",8.0,0,0.0,1.0,0.0,2.0,"AMD Milan, AMD Rome",2.45,2.8,3.5,2.0,"AMD Milan, AMD Rome",163486.0,1.36,1208.0,64.0,"","",128.0,263168.0,1.0,16.0,0.0,1.0,12641.0,0.0,1.0,1.0,0.45592,0.183616,266.32384432,209.66768,149.78432,134.03968,80.3,299.3,119.939,107.748,84.096,84.096,84.096,131.4,131.4,131.4,268.64
n2d-highmem-80,n2d,General-purpose,"80 vCPUs 640 GB RAM",us,us-east1,"South Carolina","Moncks Corner, South Carolina, USA",US,31.0,575.77,0.0,33.8361,-81.1637,1349888.0,3.0,"us-east1-b, us-east1-c, us-east1-d",80.0,0,0.0,1.0,0.0,2.0,"AMD Milan, AMD Rome",2.45,2.8,3.5,2.0,"AMD Milan, AMD Rome",1484925.0,2.95,128.0,640.0,"","",128.0,524288.0,1.0,32.0,50.0,1.0,121108.0,0.0,1.0,1.0,4.5592,1.83616,2663.2384432,2096.6768,1497.8432,1340.3968,80.3,299.3,119.939,107.748,630.72,630.72,630.72,949.0,949.0,949.0,2686.4
n2d-highmem-96,n2d,General-purpose,"96 vCPUs 768 GB RAM",us,us-east1,"South Carolina","Moncks Corner, South Carolina, USA",US,31.0,575.77,0.0,33.8361,-81.1637,1349888.0,3.0,"us-east1-b, us-east1-c, us-east1-d",96.0,0,0.0,1.0,0.0,2.0,"AMD Milan, AMD Rome",2.45,2.8,3.5,2.0,"AMD Milan, AMD Rome",1794083.0,4.69,112.0,768.0,"","",128.0,524288.0,1.0,32.0,100.0,1.0,145330.0,0.0,1.0,1.0,5.47104,2.203392,3195.88613184,2516.01216,1797.41184,1608.47616,80.3,299.3,119.939,107.748,756.864,756.864,756.864,1138.8,1138.8,1138.8,3223.68
n2d-standard-128,n2d,General-purpose,"128 vCPUs 512 GB RAM",us,us-east1,"South Carolina","Moncks Corner, South Carolina, USA",US,31.0,575.77,0.0,33.8361,-81.1637,1349888.0,3.0,"us-east1-b, us-east1-c, us-east1-d",128.0,0,0.0,1.0,0.0,2.0,"AMD Milan, AMD Rome",2.45,2.8,3.5,2.0,"AMD Milan, AMD Rome",2305562.0,4.48,144.0,512.0,"","",128.0,524288.0,1.0,32.0,100.0,1.0,185950.0,0.0,1.0,1.0,5.407488,2.178048,3158.762485248,2486.81216,1776.48128,1589.97504,80.3,299.3,119.939,107.748,897.024,897.024,897.024,1401.6,1401.6,1401.6,4298.24
n2d-standard-16,n2d,General-purpose,"16 vCPUs 64 GB RAM",us,us-east1,"South Carolina","Moncks Corner, South Carolina, USA",US,31.0,575.77,0.0,33.8361,-81.1637,1349888.0,3.0,"us-east1-b, us-east1-c, us-east1-d",16.0,0,0.0,1.0,0.0,2.0,"AMD Milan, AMD Rome",2.45,2.8,3.5,2.0,"AMD Milan, AMD Rome",327484.0,0.93,664.0,64.0,"","",128.0,263168.0,1.0,32.0,0.0,1.0,25330.0,0.0,1.0,1.0,0.675936,0.272256,394.845310656,310.85152,222.06016,198.74688,80.3,299.3,119.939,107.748,126.144,126.144,126.144,189.8,189.8,189.8,537.28
n2d-standard-2,n2d,General-purpose,"2 vCPUs 8 GB RAM",us,us-east1,"South Carolina","Moncks Corner, South Carolina, USA",US,31.0,575.77,0.0,33.8361,-81.1637,1349888.0,3.0,"us-east1-b, us-east1-c, us-east1-d",2.0,0,0.0,1.0,0.0,2.0,"AMD Milan, AMD Rome",2.45,2.8,3.5,2.0,"AMD Milan, AMD Rome",41092.0,0.94,3704.0,8.0,"","",128.0,263168.0,1.0,10.0,0.0,1.0,3166.0,0.0,1.0,1.0,0.084492,0.034032,49.355663832,38.85644,27.75752,24.84336,80.3,124.1,50.005,44.7198,21.024,21.024,21.024,32.85,32.85,32.85,67.16
n2d-standard-224,n2d,General-purpose,"224 vCPUs 896 GB RAM",us,us-east1,"South Carolina","Moncks Corner, South Carolina, USA",US,31.0,575.77,0.0,33.8361,-81.1637,1349888.0,3.0,"us-east1-b, us-east1-c, us-east1-d",224.0,0,0.0,1.0,0.0,2.0,"AMD Milan, AMD Rome",2.45,2.8,3.5,2.0,"AMD Milan, AMD Rome",3835775.0,1.46,104.0,896.0,"","",128.0,524288.0,1.0,32.0,100.0,1.0,272600.0,0.0,1.0,1.0,9.463104,3.811584,5527.834349184,4351.92128,3108.84224,2782.45632,80.3,299.3,119.939,107.748,1569.792,1569.792,1569.792,2452.8,2452.8,2452.8,7521.92
n2d-standard-32,n2d,General-purpose,"32 vCPUs 128 GB RAM",us,us-east1,"South Carolina","Moncks Corner, South Carolina, USA",US,31.0,575.77,0.0,33.8361,-81.1637,1349888.0,3.0,"us-east1-b, us-east1-c, us-east1-d",32.0,0,0.0,1.0,0.0,2.0,"AMD Milan, AMD Rome",2.45,2.8,3.5,2.0,"AMD Milan, AMD Rome",651986.0,1.39,312.0,128.0,"","",128.0,524288.0,1.0,32.0,0.0,1.0,50660.0,0.0,1.0,1.0,1.351872,0.544512,789.690621312,621.70304,444.12032,397.49376,80.3,299.3,119.939,107.748,252.288,252.288,252.288,379.6,379.6,379.6,1074.56
n2d-standard-4,n2d,General-purpose,"4 vCPUs 16 GB RAM",us,us-east1,"South Carolina","Moncks Corner, South Carolina, USA",US,31.0,575.77,0.0,33.8361,-81.1637,1349888.0,3.0,"us-east1-b, us-east1-c, us-east1-d",4.0,0,0.0,1.0,0.0,2.0,"AMD Milan, AMD Rome",2.45,2.8,3.5,2.0,"AMD Milan, AMD Rome",80098.0,1.29,2344.0,16.0,"","",128.0,263168.0,1.0,10.0,0.0,1.0,6333.0,0.0,1.0,1.0,0.168984,0.068064,98.711327664,77.71288,55.51504,49.68672,80.3,248.2,100.01,89.425,42.048,42.048,42.048,65.7,65.7,65.7,134.32
n2d-standard-48,n2d,General-purpose,"48 vCPUs 192 GB RAM",us,us-east1,"South Carolina","Moncks Corner, South Carolina, USA",US,31.0,575.77,0.0,33.8361,-81.1637,1349888.0,3.0,"us-east1-b, us-east1-c, us-east1-d",48.0,0,0.0,1.0,0.0,2.0,"AMD Milan, AMD Rome",2.45,2.8,3.5,2.0,"AMD Milan, AMD Rome",967312.0,3.54,280.0,192.0,"","",128.0,524288.0,1.0,32.0,50.0,1.0,75990.0,0.0,1.0,1.0,2.027808,0.816768,1184.535931968,932.55456,666.18048,596.24064,80.3,299.3,119.939,107.748,378.432,378.432,378.432,569.4,569.4,569.4,1611.84
n2d-standard-64,n2d,General-purpose,"64 vCPUs 256 GB RAM",us,us-east1,"South Carolina","Moncks Corner, South Carolina, USA",US,31.0,575.77,0.0,33.8361,-81.1637,1349888.0,3.0,"us-east1-b, us-east1-c, us-east1-d",64.0,0,0.0,1.0,0.0,2.0,"AMD Milan, AMD Rome",2.45,2.8,3.5,2.0,"AMD Milan, AMD Rome",1162499.0,5.05,160.0,256.0,"","",128.0,524288.0,1.0,32.0,50.0,1.0,101320.0,0.0,1.0,1.0,2.703744,1.089024,1579.381242624,1243.40608,888.24064,794.98752,80.3,299.3,119.939,107.748,504.576,504.576,504.576,759.2,759.2,759.2,2149.12
n2d-standard-8,n2d,General-purpose,"8 vCPUs 32 GB RAM",us,us-east1,"South Carolina","Moncks Corner, South Carolina, USA",US,31.0,575.77,0.0,33.8361,-81.1637,1349888.0,3.0,"us-east1-b, us-east1-c, us-east1-d",8.0,0,0.0,1.0,0.0,2.0,"AMD Milan, AMD Rome",2.45,2.8,3.5,2.0,"AMD Milan, AMD Rome",163858.0,1.01,1256.0,32.0,"","",128.0,263168.0,1.0,16.0,0.0,1.0,12665.0,0.0,1.0,1.0,0.337968,0.136128,197.422655328,155.42576,111.03008,99.37344,80.3,299.3,119.939,107.748,84.096,84.096,84.096,131.4,131.4,131.4,268.64
n2d-standard-80,n2d,General-purpose,"80 vCPUs 320 GB RAM",us,us-east1,"South Carolina","Moncks Corner, South Carolina, USA",US,31.0,575.77,0.0,33.8361,-81.1637,1349888.0,3.0,"us-east1-b, us-east1-c, us-east1-d",80.0,0,0.0,1.0,0.0,2.0,"AMD Milan, AMD Rome",2.45,2.8,3.5,2.0,"AMD Milan, AMD Rome",1425708.0,4.12,128.0,320.0,"","",128.0,524288.0,1.0,32.0,50.0,1.0,120833.0,0.0,1.0,1.0,3.37968,1.36128,1974.22655328,1554.2576,1110.3008,993.7344,80.3,299.3,119.939,107.748,630.72,630.72,630.72,949.0,949.0,949.0,2686.4
n2d-standard-96,n2d,General-purpose,"96 vCPUs 384 GB RAM",us,us-east1,"South Carolina","Moncks Corner, South Carolina, USA",US,31.0,575.77,0.0,33.8361,-81.1637,1349888.0,3.0,"us-east1-b, us-east1-c, us-east1-d",96.0,0,0.0,1.0,0.0,2.0,"AMD Milan, AMD Rome",2.45,2.8,3.5,2.0,"AMD Milan, AMD Rome",1768996.0,4.32,112.0,384.0,"","",128.0,524288.0,1.0,32.0,100.0,1.0,145000.0,0.0,1.0,1.0,4.055616,1.633536,2369.071863936,1865.10912,1332.36096,1192.48128,80.3,299.3,119.939,107.748,756.864,756.864,756.864,1138.8,1138.8,1138.8,3223.68
n4-highcpu-16,n4,General-purpose,"16 vCPUs, 32 GB RAM",us,us-east1,"South Carolina","Moncks Corner, South Carolina, USA",US,31.0,575.77,0.0,33.8361,-81.1637,1349888.0,3.0,"us-east1-b, us-east1-c, us-east1-d",16.0,0,1.0,0.0,0.0,1.0,"Intel Emerald Rapids",2.1,2.9,3.3,1.0,"Intel Emerald Rapids",354814.0,0.29,84.0,32.0,"","",128.0,263168.0,0.0,32.0,0.0,0.0,"",0.0,0.0,1.0,0.61232,0.347488,446.9936,281.6048,201.15296,253.66624,80.3,299.3,119.939,107.748,126.144,126.144,126.144,189.8,189.8,189.8,537.28
n4-highcpu-2,n4,General-purpose,"2 vCPUs, 4 GB RAM",us,us-east1,"South Carolina","Moncks Corner, South Carolina, USA",US,31.0,575.77,0.0,33.8361,-81.1637,1349888.0,3.0,"us-east1-b, us-east1-c, us-east1-d",2.0,0,1.0,0.0,0.0,1.0,"Intel Emerald Rapids",2.1,2.9,3.3,1.0,"Intel Emerald Rapids",44397.0,0.26,80.0,4.0,"","",128.0,263168.0,0.0,10.0,0.0,0.0,"",0.0,0.0,1.0,0.07654,0.043436,55.8742,35.2006,25.14412,31.70828,80.3,124.1,50.005,44.7198,21.024,21.024,21.024,32.85,32.85,32.85,67.16
n4-highcpu-32,n4,General-purpose,"32 vCPUs, 64 GB RAM",us,us-east1,"South Carolina","Moncks Corner, South Carolina, USA",US,31.0,575.77,0.0,33.8361,-81.1637,1349888.0,3.0,"us-east1-b, us-east1-c, us-east1-d",32.0,0,1.0,0.0,0.0,1.0,"Intel Emerald Rapids",2.1,2.9,3.3,1.0,"Intel Emerald Rapids",707229.0,0.3,80.0,64.0,"","",128.0,524288.0,0.0,32.0,0.0,0.0,"",0.0,0.0,1.0,1.22464,0.694976,893.9872,563.2096,402.30592,507.33248,80.3,299.3,119.939,107.748,252.288,252.288,252.288,379.6,379.6,379.6,1074.56
n4-highcpu-4,n4,General-purpose,"4 vCPUs, 8 GB RAM",us,us-east1,"South Carolina","Moncks Corner, South Carolina, USA",US,31.0,575.77,0.0,33.8361,-81.1637,1349888.0,3.0,"us-east1-b, us-east1-c, us-east1-d",4.0,0,1.0,0.0,0.0,1.0,"Intel Emerald Rapids",2.1,2.9,3.3,1.0,"Intel Emerald Rapids",86649.0,0.58,80.0,8.0,"","",128.0,263168.0,0.0,10.0,0.0,0.0,"",0.0,0.0,1.0,0.15308,0.086872,111.7484,70.4012,50.28824,63.41656,80.3,248.2,100.01,89.425,42.048,42.048,42.048,65.7,65.7,65.7,134.32
n4-highcpu-48,n4,General-purpose,"48 vCPUs, 96 GB RAM",us,us-east1,"South Carolina","Moncks Corner, South Carolina, USA",US,31.0,575.77,0.0,33.8361,-81.1637,1349888.0,3.0,"us-east1-b, us-east1-c, us-east1-d",48.0,0,1.0,0.0,0.0,1.0,"Intel Emerald Rapids",2.1,2.9,3.3,1.0,"Intel Emerald Rapids",1058224.0,0.19,88.0,96.0,"","",128.0,524288.0,0.0,32.0,0.0,0.0,"",0.0,0.0,1.0,1.83696,1.042464,1340.9808,844.8144,603.45888,760.99872,80.3,299.3,119.939,107.748,378.432,378.432,378.432,569.4,569.4,569.4,1611.84
n4-highcpu-64,n4,General-purpose,"64 vCPUs, 128 GB RAM",us,us-east1,"South Carolina","Moncks Corner, South Carolina, USA",US,31.0,575.77,0.0,33.8361,-81.1637,1349888.0,3.0,"us-east1-b, us-east1-c, us-east1-d",64.0,0,1.0,0.0,0.0,1.0,"Intel Emerald Rapids",2.1,2.9,3.3,1.0,"Intel Emerald Rapids",1351265.0,1.23,80.0,128.0,"","",128.0,524288.0,0.0,45.0,0.0,0.0,"",0.0,0.0,1.0,2.44928,1.389952,1787.9744,1126.4192,804.61184,1014.66496,80.3,299.3,119.939,107.748,504.576,504.576,504.576,759.2,759.2,759.2,2149.12
n4-highcpu-8,n4,General-purpose,"8 vCPUs, 16 GB RAM",us,us-east1,"South Carolina","Moncks Corner, South Carolina, USA",US,31.0,575.77,0.0,33.8361,-81.1637,1349888.0,3.0,"us-east1-b, us-east1-c, us-east1-d",8.0,0,1.0,0.0,0.0,1.0,"Intel Emerald Rapids",2.1,2.9,3.3,1.0,"Intel Emerald Rapids",177628.0,0.29,87.0,16.0,"","",128.0,263168.0,0.0,16.0,0.0,0.0,"",0.0,0.0,1.0,0.30616,0.173744,223.4968,140.8024,100.57648,126.83312,80.3,299.3,119.939,107.748,84.096,84.096,84.096,131.4,131.4,131.4,268.64
n4-highcpu-80,n4,General-purpose,"80 vCPUs, 160 GB RAM",us,us-east1,"South Carolina","Moncks Corner, South Carolina, USA",US,31.0,575.77,0.0,33.8361,-81.1637,1349888.0,3.0,"us-east1-b, us-east1-c, us-east1-d",80.0,0,1.0,0.0,0.0,1.0,"Intel Emerald Rapids",2.1,2.9,3.3,1.0,"Intel Emerald Rapids",1651766.0,0.87,84.0,160.0,"","",128.0,524288.0,0.0,50.0,0.0,0.0,"",0.0,0.0,1.0,3.0616,1.73744,2234.968,1408.024,1005.7648,1268.3312,80.3,299.3,119.939,107.748,630.72,630.72,630.72,949.0,949.0,949.0,2686.4
n4-highmem-16,n4,General-purpose,"16 vCPUs, 128 GB RAM",us,us-east1,"South Carolina","Moncks Corner, South Carolina, USA",US,31.0,575.77,0.0,33.8361,-81.1637,1349888.0,3.0,"us-east1-b, us-east1-c, us-east1-d",16.0,0,1.0,0.0,0.0,1.0,"Intel Emerald Rapids",2.1,2.9,3.3,1.0,"Intel Emerald Rapids",354343.0,3.61,84.0,128.0,"","",128.0,263168.0,0.0,32.0,0.0,0.0,"",0.0,0.0,1.0,0.95216,0.540352,695.0768,437.8832,312.7904,394.45696,80.3,299.3,119.939,107.748,126.144,126.144,126.144,189.8,189.8,189.8,537.28
n4-highmem-2,n4,General-purpose,"2 vCPUs, 16 GB RAM",us,us-east1,"South Carolina","Moncks Corner, South Carolina, USA",US,31.0,575.77,0.0,33.8361,-81.1637,1349888.0,3.0,"us-east1-b, us-east1-c, us-east1-d",2.0,0,1.0,0.0,0.0,1.0,"Intel Emerald Rapids",2.1,2.9,3.3,1.0,"Intel Emerald Rapids",44371.0,2.22,84.0,16.0,"","",128.0,263168.0,0.0,10.0,0.0,0.0,"",0.0,0.0,1.0,0.11902,0.067544,86.8846,54.7354,39.0988,49.30712,80.3,124.1,50.005,44.7198,21.024,21.024,21.024,32.85,32.85,32.85,67.16
n4-highmem-32,n4,General-purpose,"32 vCPUs, 256 GB RAM",us,us-east1,"South Carolina","Moncks Corner, South Carolina, USA",US,31.0,575.77,0.0,33.8361,-81.1637,1349888.0,3.0,"us-east1-b, us-east1-c, us-east1-d",32.0,0,1.0,0.0,0.0,1.0,"Intel Emerald Rapids",2.1,2.9,3.3,1.0,"Intel Emerald Rapids",704876.0,2.13,84.0,256.0,"","",128.0,524288.0,0.0,32.0,0.0,0.0,"",0.0,0.0,1.0,1.90432,1.080704,1390.1536,875.7664,625.5808,788.91392,80.3,299.3,119.939,107.748,252.288,252.288,252.288,379.6,379.6,379.6,1074.56
n4-highmem-4,n4,General-purpose,"4 vCPUs, 32 GB RAM",us,us-east1,"South Carolina","Moncks Corner, South Carolina, USA",US,31.0,575.77,0.0,33.8361,-81.1637,1349888.0,3.0,"us-east1-b, us-east1-c, us-east1-d",4.0,0,1.0,0.0,0.0,1.0,"Intel Emerald Rapids",2.1,2.9,3.3,1.0,"Intel Emerald Rapids",86305.0,0.89,80.0,32.0,"","",128.0,263168.0,0.0,10.0,0.0,0.0,"",0.0,0.0,1.0,0.23804,0.135088,173.7692,109.4708,78.1976,98.61424,80.3,248.2,100.01,89.425,42.048,42.048,42.048,65.7,65.7,65.7,134.32
n4-highmem-48,n4,General-purpose,"48 vCPUs, 384 GB RAM",us,us-east1,"South Carolina","Moncks Corner, South Carolina, USA",US,31.0,575.77,0.0,33.8361,-81.1637,1349888.0,3.0,"us-east1-b, us-east1-c, us-east1-d",48.0,0,1.0,0.0,0.0,1.0,"Intel Emerald Rapids",2.1,2.9,3.3,1.0,"Intel Emerald Rapids",1027463.0,2.89,80.0,384.0,"","",128.0,524288.0,0.0,32.0,0.0,0.0,"",0.0,0.0,1.0,2.85648,1.621056,2085.2304,1313.6496,938.3712,1183.37088,80.3,299.3,119.939,107.748,378.432,378.432,378.432,569.4,569.4,569.4,1611.84
n4-highmem-64,n4,General-purpose,"64 vCPUs, 512 GB RAM",us,us-east1,"South Carolina","Moncks Corner, South Carolina, USA",US,31.0,575.77,0.0,33.8361,-81.1637,1349888.0,3.0,"us-east1-b, us-east1-c, us-east1-d",64.0,0,1.0,0.0,0.0,1.0,"Intel Emerald Rapids",2.1,2.9,3.3,1.0,"Intel Emerald Rapids",1256257.0,3.45,84.0,512.0,"","",128.0,524288.0,0.0,45.0,0.0,0.0,"",0.0,0.0,1.0,3.80864,2.161408,2780.3072,1751.5328,1251.1616,1577.82784,80.3,299.3,119.939,107.748,504.576,504.576,504.576,759.2,759.2,759.2,2149.12
n4-highmem-8,n4,General-purpose,"8 vCPUs, 64 GB RAM",us,us-east1,"South Carolina","Moncks Corner, South Carolina, USA",US,31.0,575.77,0.0,33.8361,-81.1637,1349888.0,3.0,"us-east1-b, us-east1-c, us-east1-d",8.0,0,1.0,0.0,0.0,1.0,"Intel Emerald Rapids",2.1,2.9,3.3,1.0,"Intel Emerald Rapids",177336.0,3.06,80.0,64.0,"","",128.0,263168.0,0.0,16.0,0.0,0.0,"",0.0,0.0,1.0,0.47608,0.270176,347.5384,218.9416,156.3952,197.22848,80.3,299.3,119.939,107.748,84.096,84.096,84.096,131.4,131.4,131.4,268.64
n4-highmem-80,n4,General-purpose,"80 vCPUs, 640 GB RAM",us,us-east1,"South Carolina","Moncks Corner, South Carolina, USA",US,31.0,575.77,0.0,33.8361,-81.1637,1349888.0,3.0,"us-east1-b, us-east1-c, us-east1-d",80.0,0,1.0,0.0,0.0,1.0,"Intel Emerald Rapids",2.1,2.9,3.3,1.0,"Intel Emerald Rapids",1536069.0,2.82,80.0,640.0,"","",128.0,524288.0,0.0,50.0,0.0,0.0,"",0.0,0.0,1.0,4.7608,2.70176,3475.384,2189.416,1563.952,1972.2848,80.3,299.3,119.939,107.748,630.72,630.72,630.72,949.0,949.0,949.0,2686.4
n4-standard-16,n4,General-purpose,"16 vCPUs, 64 GB RAM",us,us-east1,"South Carolina","Moncks Corner, South Carolina, USA",US,31.0,575.77,0.0,33.8361,-81.1637,1349888.0,3.0,"us-east1-b, us-east1-c, us-east1-d",16.0,0,1.0,0.0,0.0,1.0,"Intel Emerald Rapids",2.1,2.9,3.3,1.0,"Intel Emerald Rapids",354249.0,0.29,81.0,64.0,"","",128.0,263168.0,0.0,32.0,0.0,0.0,"",0.0,0.0,1.0,0.7256,0.411776,529.688,333.6976,238.36544,300.59648,80.3,299.3,119.939,107.748,126.144,126.144,126.144,189.8,189.8,189.8,537.28
n4-standard-2,n4,General-purpose,"2 vCPUs, 8 GB RAM",us,us-east1,"South Carolina","Moncks Corner, South Carolina, USA",US,31.0,575.77,0.0,33.8361,-81.1637,1349888.0,3.0,"us-east1-b, us-east1-c, us-east1-d",2.0,0,1.0,0.0,0.0,1.0,"Intel Emerald Rapids",2.1,2.9,3.3,1.0,"Intel Emerald Rapids",44377.0,0.26,80.0,8.0,"","",128.0,263168.0,0.0,10.0,0.0,0.0,"",0.0,0.0,1.0,0.0907,0.051472,66.211,41.7122,29.79568,37.57456,80.3,124.1,50.005,44.7198,21.024,21.024,21.024,32.85,32.85,32.85,67.16
n4-standard-32,n4,General-purpose,"32 vCPUs, 128 GB RAM",us,us-east1,"South Carolina","Moncks Corner, South Carolina, USA",US,31.0,575.77,0.0,33.8361,-81.1637,1349888.0,3.0,"us-east1-b, us-east1-c, us-east1-d",32.0,0,1.0,0.0,0.0,1.0,"Intel Emerald Rapids",2.1,2.9,3.3,1.0,"Intel Emerald Rapids",706433.0,0.28,80.0,128.0,"","",128.0,524288.0,0.0,32.0,0.0,0.0,"",0.0,0.0,1.0,1.4512,0.823552,1059.376,667.3952,476.73088,601.19296,80.3,299.3,119.939,107.748,252.288,252.288,252.288,379.6,379.6,379.6,1074.56
n4-standard-4,n4,General-purpose,"4 vCPUs, 16 GB RAM",us,us-east1,"South Carolina","Moncks Corner, South Carolina, USA",US,31.0,575.77,0.0,33.8361,-81.1637,1349888.0,3.0,"us-east1-b, us-east1-c, us-east1-d",4.0,0,1.0,0.0,0.0,1.0,"Intel Emerald Rapids",2.1,2.9,3.3,1.0,"Intel Emerald Rapids",86569.0,0.61,84.0,16.0,"","",128.0,263168.0,0.0,10.0,0.0,0.0,"",0.0,0.0,1.0,0.1814,0.102944,132.422,83.4244,59.59136,75.14912,80.3,248.2,100.01,89.425,42.048,42.048,42.048,65.7,65.7,65.7,134.32
n4-standard-48,n4,General-purpose,"48 vCPUs, 192 GB RAM",us,us-east1,"South Carolina","Moncks Corner, South Carolina, USA",US,31.0,575.77,0.0,33.8361,-81.1637,1349888.0,3.0,"us-east1-b, us-east1-c, us-east1-d",48.0,0,1.0,0.0,0.0,1.0,"Intel Emerald Rapids",2.1,2.9,3.3,1.0,"Intel Emerald Rapids",1057781.0,2.09,84.0,192.0,"","",128.0,524288.0,0.0,32.0,0.0,0.0,"",0.0,0.0,1.0,2.1768,1.235328,1589.064,1001.0928,715.09632,901.78944,80.3,299.3,119.939,107.748,378.432,378.432,378.432,569.4,569.4,569.4,1611.84
n4-standard-64,n4,General-purpose,"64 vCPUs, 256 GB RAM",us,us-east1,"South Carolina","Moncks Corner, South Carolina, USA",US,31.0,575.77,0.0,33.8361,-81.1637,1349888.0,3.0,"us-east1-b, us-east1-c, us-east1-d",64.0,0,1.0,0.0,0.0,1.0,"Intel Emerald Rapids",2.1,2.9,3.3,1.0,"Intel Emerald Rapids",1351294.0,2.44,84.0,256.0,"","",128.0,524288.0,0.0,45.0,0.0,0.0,"",0.0,0.0,1.0,2.9024,1.647104,2118.752,1334.7904,953.46176,1202.38592,80.3,299.3,119.939,107.748,504.576,504.576,504.576,759.2,759.2,759.2,2149.12
n4-standard-8,n4,General-purpose,"8 vCPUs, 32 GB RAM",us,us-east1,"South Carolina","Moncks Corner, South Carolina, USA",US,31.0,575.77,0.0,33.8361,-81.1637,1349888.0,3.0,"us-east1-b, us-east1-c, us-east1-d",8.0,0,1.0,0.0,0.0,1.0,"Intel Emerald Rapids",2.1,2.9,3.3,1.0,"Intel Emerald Rapids",177655.0,0.29,88.0,32.0,"","",128.0,263168.0,0.0,16.0,0.0,0.0,"",0.0,0.0,1.0,0.3628,0.205888,264.844,166.8488,119.18272,150.29824,80.3,299.3,119.939,107.748,84.096,84.096,84.096,131.4,131.4,131.4,268.64
n4-standard-80,n4,General-purpose,"80 vCPUs, 320 GB RAM",us,us-east1,"South Carolina","Moncks Corner, South Carolina, USA",US,31.0,575.77,0.0,33.8361,-81.1637,1349888.0,3.0,"us-east1-b, us-east1-c, us-east1-d",80.0,0,1.0,0.0,0.0,1.0,"Intel Emerald Rapids",2.1,2.9,3.3,1.0,"Intel Emerald Rapids",1626413.0,3.18,84.0,320.0,"","",128.0,524288.0,0.0,50.0,0.0,0.0,"",0.0,0.0,1.0,3.628,2.05888,2648.44,1668.488,1191.8272,1502.9824,80.3,299.3,119.939,107.748,630.72,630.72,630.72,949.0,949.0,949.0,2686.4
n4a-highcpu-1,n4a,General-purpose,"1 vCPUs, 2 GB RAM",us,us-east1,"South Carolina","Moncks Corner, South Carolina, USA",US,31.0,575.77,0.0,33.8361,-81.1637,1349888.0,3.0,"us-east1-b, us-east1-c, us-east1-d",1.0,0,0.0,0.0,1.0,1.0,"Google Axion",3.0,3.0,3.0,1.0,"Google Axion","","","",2.0,"","",16.0,263168.0,0.0,10.0,0.0,0.0,"",0.0,0.0,1.0,0.03248,0.011734,23.7104,15.64974,10.67041,8.56582,80.3,124.1,50.005,44.7198,10.512,10.512,10.512,16.425,16.425,16.425,33.58
n4a-highcpu-16,n4a,General-purpose,"16 vCPUs, 32 GB RAM",us,us-east1,"South Carolina","Moncks Corner, South Carolina, USA",US,31.0,575.77,0.0,33.8361,-81.1637,1349888.0,3.0,"us-east1-b, us-east1-c, us-east1-d",16.0,0,0.0,0.0,1.0,1.0,"Google Axion",3.0,3.0,3.0,1.0,"Google Axion","","","",32.0,"","",32.0,263168.0,0.0,32.0,0.0,0.0,"",0.0,0.0,1.0,0.51968,0.187744,379.3664,250.39584,170.72656,137.05312,80.3,299.3,119.939,107.748,126.144,126.144,126.144,189.8,189.8,189.8,537.28
n4a-highcpu-2,n4a,General-purpose,"2 vCPUs, 4 GB RAM",us,us-east1,"South Carolina","Moncks Corner, South Carolina, USA",US,31.0,575.77,0.0,33.8361,-81.1637,1349888.0,3.0,"us-east1-b, us-east1-c, us-east1-d",2.0,0,0.0,0.0,1.0,1.0,"Google Axion",3.0,3.0,3.0,1.0,"Google Axion","","","",4.0,"","",16.0,263168.0,0.0,10.0,0.0,0.0,"",0.0,0.0,1.0,0.06496,0.023468,47.4208,31.29948,21.34082,17.13164,80.3,124.1,50.005,44.7198,21.024,21.024,21.024,32.85,32.85,32.85,67.16
n4a-highcpu-32,n4a,General-purpose,"32 vCPUs, 64 GB RAM",us,us-east1,"South Carolina","Moncks Corner, South Carolina, USA",US,31.0,575.77,0.0,33.8361,-81.1637,1349888.0,3.0,"us-east1-b, us-east1-c, us-east1-d",32.0,0,0.0,0.0,1.0,1.0,"Google Axion",3.0,3.0,3.0,1.0,"Google Axion","","","",64.0,"","",32.0,524288.0,0.0,32.0,0.0,0.0,"",0.0,0.0,1.0,1.03936,0.375488,758.7328,500.79168,341.45312,274.10624,80.3,299.3,119.939,107.748,252.288,252.288,252.288,379.6,379.6,379.6,1074.56
n4a-highcpu-4,n4a,General-purpose,"4 vCPUs, 8 GB RAM",us,us-east1,"South Carolina","Moncks Corner, South Carolina, USA",US,31.0,575.77,0.0,33.8361,-81.1637,1349888.0,3.0,"us-east1-b, us-east1-c, us-east1-d",4.0,0,0.0,0.0,1.0,1.0,"Google Axion",3.0,3.0,3.0,1.0,"Google Axion","","","",8.0,"","",16.0,263168.0,0.0,10.0,0.0,0.0,"",0.0,0.0,1.0,0.12992,0.046936,94.8416,62.59896,42.68164,34.26328,80.3,248.2,100.01,89.425,42.048,42.048,42.048,65.7,65.7,65.7,134.32
n4a-highcpu-48,n4a,General-purpose,"48 vCPUs, 96 GB RAM",us,us-east1,"South Carolina","Moncks Corner, South Carolina, USA",US,31.0,575.77,0.0,33.8361,-81.1637,1349888.0,3.0,"us-east1-b, us-east1-c, us-east1-d",48.0,0,0.0,0.0,1.0,1.0,"Google Axion",3.0,3.0,3.0,1.0,"Google Axion","","","",96.0,"","",32.0,524288.0,0.0,32.0,0.0,0.0,"",0.0,0.0,1.0,1.55904,0.563232,1138.0992,751.18752,512.17968,411.15936,80.3,299.3,119.939,107.748,378.432,378.432,378.432,569.4,569.4,569.4,1611.84
n4a-highcpu-64,n4a,General-purpose,"64 vCPUs, 128 GB RAM",us,us-east1,"South Carolina","Moncks Corner, South Carolina, USA",US,31.0,575.77,0.0,33.8361,-81.1637,1349888.0,3.0,"us-east1-b, us-east1-c, us-east1-d",64.0,0,0.0,0.0,1.0,1.0,"Google Axion",3.0,3.0,3.0,1.0,"Google Axion","","","",128.0,"","",128.0,524288.0,0.0,50.0,0.0,0.0,"",0.0,0.0,1.0,2.07872,0.750976,1517.4656,1001.58336,682.90624,548.21248,80.3,299.3,119.939,107.748,504.576,504.576,504.576,759.2,759.2,759.2,2149.12
n4a-highcpu-8,n4a,General-purpose,"8 vCPUs, 16 GB RAM",us,us-east1,"South Carolina","Moncks Corner, South Carolina, USA",US,31.0,575.77,0.0,33.8361,-81.1637,1349888.0,3.0,"us-east1-b, us-east1-c, us-east1-d",8.0,0,0.0,0.0,1.0,1.0,"Google Axion",3.0,3.0,3.0,1.0,"Google Axion","","","",16.0,"","",16.0,263168.0,0.0,16.0,0.0,0.0,"",0.0,0.0,1.0,0.25984,0.093872,189.6832,125.19792,85.36328,68.52656,80.3,299.3,119.939,107.748,84.096,84.096,84.096,131.4,131.4,131.4,268.64
n4a-highmem-1,n4a,General-purpose,"1 vCPUs, 8 GB RAM",us,us-east1,"South Carolina","Moncks Corner, South Carolina, USA",US,31.0,575.77,0.0,33.8361,-81.1637,1349888.0,3.0,"us-east1-b, us-east1-c, us-east1-d",1.0,0,0.0,0.0,1.0,1.0,"Google Axion",3.0,3.0,3.0,1.0,"Google Axion","","","",8.0,"","",16.0,263168.0,0.0,10.0,0.0,0.0,"",0.0,0.0,1.0,0.05054,0.018256,36.8942,24.3528,16.60531,13.32688,80.3,124.1,50.005,44.7198,10.512,10.512,10.512,16.425,16.425,16.425,33.58
n4a-highmem-16,n4a,General-purpose,"16 vCPUs, 128 GB RAM",us,us-east1,"South Carolina","Moncks Corner, South Carolina, USA",US,31.0,575.77,0.0,33.8361,-81.1637,1349888.0,3.0,"us-east1-b, us-east1-c, us-east1-d",16.0,0,0.0,0.0,1.0,1.0,"Google Axion",3.0,3.0,3.0,1.0,"Google Axion","","","",128.0,"","",32.0,263168.0,0.0,32.0,0.0,0.0,"",0.0,0.0,1.0,0.80864,0.292096,590.3072,389.6448,265.68496,213.23008,80.3,299.3,119.939,107.748,126.144,126.144,126.144,189.8,189.8,189.8,537.28
n4a-highmem-2,n4a,General-purpose,"2 vCPUs, 16 GB RAM",us,us-east1,"South Carolina","Moncks Corner, South Carolina, USA",US,31.0,575.77,0.0,33.8361,-81.1637,1349888.0,3.0,"us-east1-b, us-east1-c, us-east1-d",2.0,0,0.0,0.0,1.0,1.0,"Google Axion",3.0,3.0,3.0,1.0,"Google Axion","","","",16.0,"","",16.0,263168.0,0.0,10.0,0.0,0.0,"",0.0,0.0,1.0,0.10108,0.036512,73.7884,48.7056,33.21062,26.65376,80.3,124.1,50.005,44.7198,21.024,21.024,21.024,32.85,32.85,32.85,67.16
n4a-highmem-32,n4a,General-purpose,"32 vCPUs, 256 GB RAM",us,us-east1,"South Carolina","Moncks Corner, South Carolina, USA",US,31.0,575.77,0.0,33.8361,-81.1637,1349888.0,3.0,"us-east1-b, us-east1-c, us-east1-d",32.0,0,0.0,0.0,1.0,1.0,"Google Axion",3.0,3.0,3.0,1.0,"Google Axion","","","",256.0,"","",32.0,524288.0,0.0,32.0,0.0,0.0,"",0.0,0.0,1.0,1.61728,0.584192,1180.6144,779.2896,531.36992,426.46016,80.3,299.3,119.939,107.748,252.288,252.288,252.288,379.6,379.6,379.6,1074.56
n4a-highmem-4,n4a,General-purpose,"4 vCPUs, 32 GB RAM",us,us-east1,"South Carolina","Moncks Corner, South Carolina, USA",US,31.0,575.77,0.0,33.8361,-81.1637,1349888.0,3.0,"us-east1-b, us-east1-c, us-east1-d",4.0,0,0.0,0.0,1.0,1.0,"Google Axion",3.0,3.0,3.0,1.0,"Google Axion","","","",32.0,"","",16.0,263168.0,0.0,10.0,0.0,0.0,"",0.0,0.0,1.0,0.20216,0.073024,147.5768,97.4112,66.42124,53.30752,80.3,248.2,100.01,89.425,42.048,42.048,42.048,65.7,65.7,65.7,134.32
n4a-highmem-48,n4a,General-purpose,"48 vCPUs, 384 GB RAM",us,us-east1,"South Carolina","Moncks Corner, South Carolina, USA",US,31.0,575.77,0.0,33.8361,-81.1637,1349888.0,3.0,"us-east1-b, us-east1-c, us-east1-d",48.0,0,0.0,0.0,1.0,1.0,"Google Axion",3.0,3.0,3.0,1.0,"Google Axion","","","",384.0,"","",32.0,524288.0,0.0,32.0,0.0,0.0,"",0.0,0.0,1.0,2.42592,0.876288,1770.9216,1168.9344,797.05488,639.69024,80.3,299.3,119.939,107.748,378.432,378.432,378.432,569.4,569.4,569.4,1611.84
n4a-highmem-64,n4a,General-purpose,"64 vCPUs, 512 GB RAM",us,us-east1,"South Carolina","Moncks Corner, South Carolina, USA",US,31.0,575.77,0.0,33.8361,-81.1637,1349888.0,3.0,"us-east1-b, us-east1-c, us-east1-d",64.0,0,0.0,0.0,1.0,1.0,"Google Axion",3.0,3.0,3.0,1.0,"Google Axion","","","",512.0,"","",128.0,524288.0,0.0,50.0,0.0,0.0,"",0.0,0.0,1.0,3.23456,1.168384,2361.2288,1558.5792,1062.73984,852.92032,80.3,299.3,119.939,107.748,504.576,504.576,504.576,759.2,759.2,759.2,2149.12
n4a-highmem-8,n4a,General-purpose,"8 vCPUs, 64 GB RAM",us,us-east1,"South Carolina","Moncks Corner, South Carolina, USA",US,31.0,575.77,0.0,33.8361,-81.1637,1349888.0,3.0,"us-east1-b, us-east1-c, us-east1-d",8.0,0,0.0,0.0,1.0,1.0,"Google Axion",3.0,3.0,3.0,1.0,"Google Axion","","","",64.0,"","",16.0,263168.0,0.0,16.0,0.0,0.0,"",0.0,0.0,1.0,0.40432,0.146048,295.1536,194.8224,132.84248,106.61504,80.3,299.3,119.939,107.748,84.096,84.096,84.096,131.4,131.4,131.4,268.64
n4a-standard-1,n4a,General-purpose,"1 vCPUs, 4 GB RAM",us,us-east1,"South Carolina","Moncks Corner, South Carolina, USA",US,31.0,575.77,0.0,33.8361,-81.1637,1349888.0,3.0,"us-east1-b, us-east1-c, us-east1-d",1.0,0,0.0,0.0,1.0,1.0,"Google Axion",3.0,3.0,3.0,1.0,"Google Axion","","","",4.0,"","",16.0,263168.0,0.0,10.0,0.0,0.0,"",0.0,0.0,1.0,0.0385,0.013908,28.105,18.55076,12.64871,10.15284,80.3,124.1,50.005,44.7198,10.512,10.512,10.512,16.425,16.425,16.425,33.58
n4a-standard-16,n4a,General-purpose,"16 vCPUs, 64 GB RAM",us,us-east1,"South Carolina","Moncks Corner, South Carolina, USA",US,31.0,575.77,0.0,33.8361,-81.1637,1349888.0,3.0,"us-east1-b, us-east1-c, us-east1-d",16.0,0,0.0,0.0,1.0,1.0,"Google Axion",3.0,3.0,3.0,1.0,"Google Axion","","","",64.0,"","",32.0,263168.0,0.0,32.0,0.0,0.0,"",0.0,0.0,1.0,0.616,0.222528,449.68,296.81216,202.37936,162.44544,80.3,299.3,119.939,107.748,126.144,126.144,126.144,189.8,189.8,189.8,537.28
n4a-standard-2,n4a,General-purpose,"2 vCPUs, 8 GB RAM",us,us-east1,"South Carolina","Moncks Corner, South Carolina, USA",US,31.0,575.77,0.0,33.8361,-81.1637,1349888.0,3.0,"us-east1-b, us-east1-c, us-east1-d",2.0,0,0.0,0.0,1.0,1.0,"Google Axion",3.0,3.0,3.0,1.0,"Google Axion","","","",8.0,"","",16.0,263168.0,0.0,10.0,0.0,0.0,"",0.0,0.0,1.0,0.077,0.027816,56.21,37.10152,25.29742,20.30568,80.3,124.1,50.005,44.7198,21.024,21.024,21.024,32.85,32.85,32.85,67.16
n4a-standard-32,n4a,General-purpose,"32 vCPUs, 128 GB RAM",us,us-east1,"South Carolina","Moncks Corner, South Carolina, USA",US,31.0,575.77,0.0,33.8361,-81.1637,1349888.0,3.0,"us-east1-b, us-east1-c, us-east1-d",32.0,0,0.0,0.0,1.0,1.0,"Google Axion",3.0,3.0,3.0,1.0,"Google Axion","","","",128.0,"","",32.0,524288.0,0.0,32.0,0.0,0.0,"",0.0,0.0,1.0,1.232,0.445056,899.36,593.62432,404.75872,324.89088,80.3,299.3,119.939,107.748,252.288,252.288,252.288,379.6,379.6,379.6,1074.56
n4a-standard-4,n4a,General-purpose,"4 vCPUs, 16 GB RAM",us,us-east1,"South Carolina","Moncks Corner, South Carolina, USA",US,31.0,575.77,0.0,33.8361,-81.1637,1349888.0,3.0,"us-east1-b, us-east1-c, us-east1-d",4.0,0,0.0,0.0,1.0,1.0,"Google Axion",3.0,3.0,3.0,1.0,"Google Axion","","","",16.0,"","",16.0,263168.0,0.0,10.0,0.0,0.0,"",0.0,0.0,1.0,0.154,0.055632,112.42,74.20304,50.59484,40.61136,80.3,248.2,100.01,89.425,42.048,42.048,42.048,65.7,65.7,65.7,134.32
n4a-standard-48,n4a,General-purpose,"48 vCPUs, 192 GB RAM",us,us-east1,"South Carolina","Moncks Corner, South Carolina, USA",US,31.0,575.77,0.0,33.8361,-81.1637,1349888.0,3.0,"us-east1-b, us-east1-c, us-east1-d",48.0,0,0.0,0.0,1.0,1.0,"Google Axion",3.0,3.0,3.0,1.0,"Google Axion","","","",192.0,"","",32.0,524288.0,0.0,32.0,0.0,0.0,"",0.0,0.0,1.0,1.848,0.667584,1349.04,890.43648,607.13808,487.33632,80.3,299.3,119.939,107.748,378.432,378.432,378.432,569.4,569.4,569.4,1611.84
n4a-standard-64,n4a,General-purpose,"64 vCPUs, 256 GB RAM",us,us-east1,"South Carolina","Moncks Corner, South Carolina, USA",US,31.0,575.77,0.0,33.8361,-81.1637,1349888.0,3.0,"us-east1-b, us-east1-c, us-east1-d",64.0,0,0.0,0.0,1.0,1.0,"Google Axion",3.0,3.0,3.0,1.0,"Google Axion","","","",256.0,"","",128.0,524288.0,0.0,50.0,0.0,0.0,"",0.0,0.0,1.0,2.464,0.890112,1798.72,1187.24864,809.51744,649.78176,80.3,299.3,119.939,107.748,504.576,504.576,504.576,759.2,759.2,759.2,2149.12
n4a-standard-8,n4a,General-purpose,"8 vCPUs, 32 GB RAM",us,us-east1,"South Carolina","Moncks Corner, South Carolina, USA",US,31.0,575.77,0.0,33.8361,-81.1637,1349888.0,3.0,"us-east1-b, us-east1-c, us-east1-d",8.0,0,0.0,0.0,1.0,1.0,"Google Axion",3.0,3.0,3.0,1.0,"Google Axion","","","",32.0,"","",16.0,263168.0,0.0,16.0,0.0,0.0,"",0.0,0.0,1.0,0.308,0.111264,224.84,148.40608,101.18968,81.22272,80.3,299.3,119.939,107.748,84.096,84.096,84.096,131.4,131.4,131.4,268.64
n4d-highcpu-16,n4d,General-purpose,"16 vCPUs, 32 GB RAM",us,us-east1,"South Carolina","Moncks Corner, South Carolina, USA",US,31.0,575.77,0.0,33.8361,-81.1637,1349888.0,3.0,"us-east1-b, us-east1-c, us-east1-d",16.0,0,0.0,1.0,0.0,1.0,"AMD Turin",2.7,3.5,4.1,1.0,"AMD Turin","","","",32.0,"","",128.0,263168.0,0.0,32.0,0.0,0.0,"",0.0,0.0,1.0,0.57168,0.186752,417.3264,262.90512,187.8144,136.32896,80.3,299.3,119.939,107.748,126.144,126.144,126.144,189.8,189.8,189.8,537.28
n4d-highcpu-2,n4d,General-purpose,"2 vCPUs, 4 GB RAM",us,us-east1,"South Carolina","Moncks Corner, South Carolina, USA",US,31.0,575.77,0.0,33.8361,-81.1637,1349888.0,3.0,"us-east1-b, us-east1-c, us-east1-d",2.0,0,0.0,1.0,0.0,1.0,"AMD Turin",2.7,3.5,4.1,1.0,"AMD Turin","","","",4.0,"","",128.0,263168.0,0.0,10.0,0.0,0.0,"",0.0,0.0,1.0,0.07146,0.023344,52.1658,32.86314,23.4768,17.04112,80.3,124.1,50.005,44.7198,21.024,21.024,21.024,32.85,32.85,32.85,67.16
n4d-highcpu-32,n4d,General-purpose,"32 vCPUs, 64 GB RAM",us,us-east1,"South Carolina","Moncks Corner, South Carolina, USA",US,31.0,575.77,0.0,33.8361,-81.1637,1349888.0,3.0,"us-east1-b, us-east1-c, us-east1-d",32.0,0,0.0,1.0,0.0,1.0,"AMD Turin",2.7,3.5,4.1,1.0,"AMD Turin","","","",64.0,"","",128.0,524288.0,0.0,32.0,0.0,0.0,"",0.0,0.0,1.0,1.14336,0.373504,834.6528,525.81024,375.6288,272.65792,80.3,299.3,119.939,107.748,252.288,252.288,252.288,379.6,379.6,379.6,1074.56
n4d-highcpu-4,n4d,General-purpose,"4 vCPUs, 8 GB RAM",us,us-east1,"South Carolina","Moncks Corner, South Carolina, USA",US,31.0,575.77,0.0,33.8361,-81.1637,1349888.0,3.0,"us-east1-b, us-east1-c, us-east1-d",4.0,0,0.0,1.0,0.0,1.0,"AMD Turin",2.7,3.5,4.1,1.0,"AMD Turin","","","",8.0,"","",128.0,263168.0,0.0,10.0,0.0,0.0,"",0.0,0.0,1.0,0.14292,0.046688,104.3316,65.72628,46.9536,34.08224,80.3,248.2,100.01,89.425,42.048,42.048,42.048,65.7,65.7,65.7,134.32
n4d-highcpu-48,n4d,General-purpose,"48 vCPUs, 96 GB RAM",us,us-east1,"South Carolina","Moncks Corner, South Carolina, USA",US,31.0,575.77,0.0,33.8361,-81.1637,1349888.0,3.0,"us-east1-b, us-east1-c, us-east1-d",48.0,0,0.0,1.0,0.0,1.0,"AMD Turin",2.7,3.5,4.1,1.0,"AMD Turin","","","",96.0,"","",128.0,524288.0,0.0,32.0,0.0,0.0,"",0.0,0.0,1.0,1.71504,0.560256,1251.9792,788.71536,563.4432,408.98688,80.3,299.3,119.939,107.748,378.432,378.432,378.432,569.4,569.4,569.4,1611.84
n4d-highcpu-64,n4d,General-purpose,"64 vCPUs, 128 GB RAM",us,us-east1,"South Carolina","Moncks Corner, South Carolina, USA",US,31.0,575.77,0.0,33.8361,-81.1637,1349888.0,3.0,"us-east1-b, us-east1-c, us-east1-d",64.0,0,0.0,1.0,0.0,1.0,"AMD Turin",2.7,3.5,4.1,1.0,"AMD Turin","","","",128.0,"","",128.0,524288.0,0.0,45.0,0.0,0.0,"",0.0,0.0,1.0,2.28672,0.747008,1669.3056,1051.62048,751.2576,545.31584,80.3,299.3,119.939,107.748,504.576,504.576,504.576,759.2,759.2,759.2,2149.12
n4d-highcpu-8,n4d,General-purpose,"8 vCPUs, 16 GB RAM",us,us-east1,"South Carolina","Moncks Corner, South Carolina, USA",US,31.0,575.77,0.0,33.8361,-81.1637,1349888.0,3.0,"us-east1-b, us-east1-c, us-east1-d",8.0,0,0.0,1.0,0.0,1.0,"AMD Turin",2.7,3.5,4.1,1.0,"AMD Turin","","","",16.0,"","",128.0,263168.0,0.0,16.0,0.0,0.0,"",0.0,0.0,1.0,0.28584,0.093376,208.6632,131.45256,93.9072,68.16448,80.3,299.3,119.939,107.748,84.096,84.096,84.096,131.4,131.4,131.4,268.64
n4d-highcpu-80,n4d,General-purpose,"80 vCPUs, 160 GB RAM",us,us-east1,"South Carolina","Moncks Corner, South Carolina, USA",US,31.0,575.77,0.0,33.8361,-81.1637,1349888.0,3.0,"us-east1-b, us-east1-c, us-east1-d",80.0,0,0.0,1.0,0.0,1.0,"AMD Turin",2.7,3.5,4.1,1.0,"AMD Turin","","","",160.0,"","",128.0,524288.0,0.0,50.0,0.0,0.0,"",0.0,0.0,1.0,2.8584,0.93376,2086.632,1314.5256,939.072,681.6448,80.3,299.3,119.939,107.748,630.72,630.72,630.72,949.0,949.0,949.0,2686.4
n4d-highcpu-96,n4d,General-purpose,"96 vCPUs, 192 GB RAM",us,us-east1,"South Carolina","Moncks Corner, South Carolina, USA",US,31.0,575.77,0.0,33.8361,-81.1637,1349888.0,3.0,"us-east1-b, us-east1-c, us-east1-d",96.0,0,0.0,1.0,0.0,1.0,"AMD Turin",2.7,3.5,4.1,1.0,"AMD Turin","","","",192.0,"","",128.0,524288.0,0.0,50.0,0.0,0.0,"",0.0,0.0,1.0,3.43008,1.120512,2503.9584,1577.43072,1126.8864,817.97376,80.3,299.3,119.939,107.748,756.864,756.864,756.864,1138.8,1138.8,1138.8,3223.68
n4d-highmem-16,n4d,General-purpose,"16 vCPUs, 128 GB RAM",us,us-east1,"South Carolina","Moncks Corner, South Carolina, USA",US,31.0,575.77,0.0,33.8361,-81.1637,1349888.0,3.0,"us-east1-b, us-east1-c, us-east1-d",16.0,0,0.0,1.0,0.0,1.0,"AMD Turin",2.7,3.5,4.1,1.0,"AMD Turin","","","",128.0,"","",128.0,263168.0,0.0,32.0,0.0,0.0,"",0.0,0.0,1.0,0.88944,0.290528,649.2912,409.02192,292.2336,212.08544,80.3,299.3,119.939,107.748,126.144,126.144,126.144,189.8,189.8,189.8,537.28
n4d-highmem-2,n4d,General-purpose,"2 vCPUs, 16 GB RAM",us,us-east1,"South Carolina","Moncks Corner, South Carolina, USA",US,31.0,575.77,0.0,33.8361,-81.1637,1349888.0,3.0,"us-east1-b, us-east1-c, us-east1-d",2.0,0,0.0,1.0,0.0,1.0,"AMD Turin",2.7,3.5,4.1,1.0,"AMD Turin","","","",16.0,"","",128.0,263168.0,0.0,10.0,0.0,0.0,"",0.0,0.0,1.0,0.11118,0.036316,81.1614,51.12774,36.5292,26.51068,80.3,124.1,50.005,44.7198,21.024,21.024,21.024,32.85,32.85,32.85,67.16
n4d-highmem-32,n4d,General-purpose,"32 vCPUs, 256 GB RAM",us,us-east1,"South Carolina","Moncks Corner, South Carolina, USA",US,31.0,575.77,0.0,33.8361,-81.1637,1349888.0,3.0,"us-east1-b, us-east1-c, us-east1-d",32.0,0,0.0,1.0,0.0,1.0,"AMD Turin",2.7,3.5,4.1,1.0,"AMD Turin","","","",256.0,"","",128.0,524288.0,0.0,32.0,0.0,0.0,"",0.0,0.0,1.0,1.77888,0.581056,1298.5824,818.04384,584.4672,424.17088,80.3,299.3,119.939,107.748,252.288,252.288,252.288,379.6,379.6,379.6,1074.56
n4d-highmem-4,n4d,General-purpose,"4 vCPUs, 32 GB RAM",us,us-east1,"South Carolina","Moncks Corner, South Carolina, USA",US,31.0,575.77,0.0,33.8361,-81.1637,1349888.0,3.0,"us-east1-b, us-east1-c, us-east1-d",4.0,0,0.0,1.0,0.0,1.0,"AMD Turin",2.7,3.5,4.1,1.0,"AMD Turin","","","",32.0,"","",128.0,263168.0,0.0,10.0,0.0,0.0,"",0.0,0.0,1.0,0.22236,0.072632,162.3228,102.25548,73.0584,53.02136,80.3,248.2,100.01,89.425,42.048,42.048,42.048,65.7,65.7,65.7,134.32
n4d-highmem-48,n4d,General-purpose,"48 vCPUs, 384 GB RAM",us,us-east1,"South Carolina","Moncks Corner, South Carolina, USA",US,31.0,575.77,0.0,33.8361,-81.1637,1349888.0,3.0,"us-east1-b, us-east1-c, us-east1-d",48.0,0,0.0,1.0,0.0,1.0,"AMD Turin",2.7,3.5,4.1,1.0,"AMD Turin","","","",384.0,"","",128.0,524288.0,0.0,32.0,0.0,0.0,"",0.0,0.0,1.0,2.66832,0.871584,1947.8736,1227.06576,876.7008,636.25632,80.3,299.3,119.939,107.748,378.432,378.432,378.432,569.4,569.4,569.4,1611.84
n4d-highmem-64,n4d,General-purpose,"64 vCPUs, 512 GB RAM",us,us-east1,"South Carolina","Moncks Corner, South Carolina, USA",US,31.0,575.77,0.0,33.8361,-81.1637,1349888.0,3.0,"us-east1-b, us-east1-c, us-east1-d",64.0,0,0.0,1.0,0.0,1.0,"AMD Turin",2.7,3.5,4.1,1.0,"AMD Turin","","","",512.0,"","",128.0,524288.0,0.0,45.0,0.0,0.0,"",0.0,0.0,1.0,3.55776,1.162112,2597.1648,1636.08768,1168.9344,848.34176,80.3,299.3,119.939,107.748,504.576,504.576,504.576,759.2,759.2,759.2,2149.12
n4d-highmem-8,n4d,General-purpose,"8 vCPUs, 64 GB RAM",us,us-east1,"South Carolina","Moncks Corner, South Carolina, USA",US,31.0,575.77,0.0,33.8361,-81.1637,1349888.0,3.0,"us-east1-b, us-east1-c, us-east1-d",8.0,0,0.0,1.0,0.0,1.0,"AMD Turin",2.7,3.5,4.1,1.0,"AMD Turin","","","",64.0,"","",128.0,263168.0,0.0,16.0,0.0,0.0,"",0.0,0.0,1.0,0.44472,0.145264,324.6456,204.51096,146.1168,106.04272,80.3,299.3,119.939,107.748,84.096,84.096,84.096,131.4,131.4,131.4,268.64
n4d-highmem-80,n4d,General-purpose,"80 vCPUs, 640 GB RAM",us,us-east1,"South Carolina","Moncks Corner, South Carolina, USA",US,31.0,575.77,0.0,33.8361,-81.1637,1349888.0,3.0,"us-east1-b, us-east1-c, us-east1-d",80.0,0,0.0,1.0,0.0,1.0,"AMD Turin",2.7,3.5,4.1,1.0,"AMD Turin","","","",640.0,"","",128.0,524288.0,0.0,50.0,0.0,0.0,"",0.0,0.0,1.0,4.4472,1.45264,3246.456,2045.1096,1461.168,1060.4272,80.3,299.3,119.939,107.748,630.72,630.72,630.72,949.0,949.0,949.0,2686.4
n4d-highmem-96,n4d,General-purpose,"96 vCPUs, 768 GB RAM",us,us-east1,"South Carolina","Moncks Corner, South Carolina, USA",US,31.0,575.77,0.0,33.8361,-81.1637,1349888.0,3.0,"us-east1-b, us-east1-c, us-east1-d",96.0,0,0.0,1.0,0.0,1.0,"AMD Turin",2.7,3.5,4.1,1.0,"AMD Turin","","","",768.0,"","",128.0,524288.0,0.0,50.0,0.0,0.0,"",0.0,0.0,1.0,5.33664,1.743168,3895.7472,2454.13152,1753.4016,1272.51264,80.3,299.3,119.939,107.748,756.864,756.864,756.864,1138.8,1138.8,1138.8,3223.68
n4d-standard-16,n4d,General-purpose,"16 vCPUs, 64 GB RAM",us,us-east1,"South Carolina","Moncks Corner, South Carolina, USA",US,31.0,575.77,0.0,33.8361,-81.1637,1349888.0,3.0,"us-east1-b, us-east1-c, us-east1-d",16.0,0,0.0,1.0,0.0,1.0,"AMD Turin",2.7,3.5,4.1,1.0,"AMD Turin","","","",64.0,"","",128.0,263168.0,0.0,32.0,0.0,0.0,"",0.0,0.0,1.0,0.6776,0.221344,494.648,311.61072,222.6208,161.58112,80.3,299.3,119.939,107.748,126.144,126.144,126.144,189.8,189.8,189.8,537.28
n4d-standard-2,n4d,General-purpose,"2 vCPUs, 8 GB RAM",us,us-east1,"South Carolina","Moncks Corner, South Carolina, USA",US,31.0,575.77,0.0,33.8361,-81.1637,1349888.0,3.0,"us-east1-b, us-east1-c, us-east1-d",2.0,0,0.0,1.0,0.0,1.0,"AMD Turin",2.7,3.5,4.1,1.0,"AMD Turin","","","",8.0,"","",128.0,263168.0,0.0,10.0,0.0,0.0,"",0.0,0.0,1.0,0.0847,0.027668,61.831,38.95134,27.8276,20.19764,80.3,124.1,50.005,44.7198,21.024,21.024,21.024,32.85,32.85,32.85,67.16
n4d-standard-32,n4d,General-purpose,"32 vCPUs, 128 GB RAM",us,us-east1,"South Carolina","Moncks Corner, South Carolina, USA",US,31.0,575.77,0.0,33.8361,-81.1637,1349888.0,3.0,"us-east1-b, us-east1-c, us-east1-d",32.0,0,0.0,1.0,0.0,1.0,"AMD Turin",2.7,3.5,4.1,1.0,"AMD Turin","","","",128.0,"","",128.0,524288.0,0.0,32.0,0.0,0.0,"",0.0,0.0,1.0,1.3552,0.442688,989.296,623.22144,445.2416,323.16224,80.3,299.3,119.939,107.748,252.288,252.288,252.288,379.6,379.6,379.6,1074.56
n4d-standard-4,n4d,General-purpose,"4 vCPUs, 16 GB RAM",us,us-east1,"South Carolina","Moncks Corner, South Carolina, USA",US,31.0,575.77,0.0,33.8361,-81.1637,1349888.0,3.0,"us-east1-b, us-east1-c, us-east1-d",4.0,0,0.0,1.0,0.0,1.0,"AMD Turin",2.7,3.5,4.1,1.0,"AMD Turin","","","",16.0,"","",128.0,263168.0,0.0,10.0,0.0,0.0,"",0.0,0.0,1.0,0.1694,0.055336,123.662,77.90268,55.6552,40.39528,80.3,248.2,100.01,89.425,42.048,42.048,42.048,65.7,65.7,65.7,134.32
n4d-standard-48,n4d,General-purpose,"48 vCPUs, 192 GB RAM",us,us-east1,"South Carolina","Moncks Corner, South Carolina, USA",US,31.0,575.77,0.0,33.8361,-81.1637,1349888.0,3.0,"us-east1-b, us-east1-c, us-east1-d",48.0,0,0.0,1.0,0.0,1.0,"AMD Turin",2.7,3.5,4.1,1.0,"AMD Turin","","","",192.0,"","",128.0,524288.0,0.0,32.0,0.0,0.0,"",0.0,0.0,1.0,2.0328,0.664032,1483.944,934.83216,667.8624,484.74336,80.3,299.3,119.939,107.748,378.432,378.432,378.432,569.4,569.4,569.4,1611.84
n4d-standard-64,n4d,General-purpose,"64 vCPUs, 256 GB RAM",us,us-east1,"South Carolina","Moncks Corner, South Carolina, USA",US,31.0,575.77,0.0,33.8361,-81.1637,1349888.0,3.0,"us-east1-b, us-east1-c, us-east1-d",64.0,0,0.0,1.0,0.0,1.0,"AMD Turin",2.7,3.5,4.1,1.0,"AMD Turin","","","",256.0,"","",128.0,524288.0,0.0,45.0,0.0,0.0,"",0.0,0.0,1.0,2.7104,0.885376,1978.592,1246.44288,890.4832,646.32448,80.3,299.3,119.939,107.748,504.576,504.576,504.576,759.2,759.2,759.2,2149.12
n4d-standard-8,n4d,General-purpose,"8 vCPUs, 32 GB RAM",us,us-east1,"South Carolina","Moncks Corner, South Carolina, USA",US,31.0,575.77,0.0,33.8361,-81.1637,1349888.0,3.0,"us-east1-b, us-east1-c, us-east1-d",8.0,0,0.0,1.0,0.0,1.0,"AMD Turin",2.7,3.5,4.1,1.0,"AMD Turin","","","",32.0,"","",128.0,263168.0,0.0,16.0,0.0,0.0,"",0.0,0.0,1.0,0.3388,0.110672,247.324,155.80536,111.3104,80.79056,80.3,299.3,119.939,107.748,84.096,84.096,84.096,131.4,131.4,131.4,268.64
n4d-standard-80,n4d,General-purpose,"80 vCPUs, 320 GB RAM",us,us-east1,"South Carolina","Moncks Corner, South Carolina, USA",US,31.0,575.77,0.0,33.8361,-81.1637,1349888.0,3.0,"us-east1-b, us-east1-c, us-east1-d",80.0,0,0.0,1.0,0.0,1.0,"AMD Turin",2.7,3.5,4.1,1.0,"AMD Turin","","","",320.0,"","",128.0,524288.0,0.0,50.0,0.0,0.0,"",0.0,0.0,1.0,3.388,1.10672,2473.24,1558.0536,1113.104,807.9056,80.3,299.3,119.939,107.748,630.72,630.72,630.72,949.0,949.0,949.0,2686.4
n4d-standard-96,n4d,General-purpose,"96 vCPUs, 384 GB RAM",us,us-east1,"South Carolina","Moncks Corner, South Carolina, USA",US,31.0,575.77,0.0,33.8361,-81.1637,1349888.0,3.0,"us-east1-b, us-east1-c, us-east1-d",96.0,0,0.0,1.0,0.0,1.0,"AMD Turin",2.7,3.5,4.1,1.0,"AMD Turin","","","",384.0,"","",128.0,524288.0,0.0,50.0,0.0,0.0,"",0.0,0.0,1.0,4.0656,1.328064,2967.888,1869.66432,1335.7248,969.48672,80.3,299.3,119.939,107.748,756.864,756.864,756.864,1138.8,1138.8,1138.8,3223.68
t2d-standard-1,t2d,General-purpose,"1 vCPUs, 4 GB RAM",us,us-east1,"South Carolina","Moncks Corner, South Carolina, USA",US,31.0,575.77,0.0,33.8361,-81.1637,1349888.0,3.0,"us-east1-b, us-east1-c, us-east1-d",1.0,0,0.0,1.0,0.0,1.0,"AMD Milan",2.45,2.8,3.5,1.0,"AMD Milan",29363.0,1.43,5264.0,4.0,"","",128.0,263168.0,0.0,10.0,0.0,0.0,"",0.0,0.0,1.0,0.042246,0.025348,30.83958,19.42822,13.87876,18.50404,80.3,124.1,50.005,44.7198,10.512,10.512,10.512,16.425,16.425,16.425,33.58
t2d-standard-16,t2d,General-purpose,"16 vCPUs, 64 GB RAM",us,us-east1,"South Carolina","Moncks Corner, South Carolina, USA",US,31.0,575.77,0.0,33.8361,-81.1637,1349888.0,3.0,"us-east1-b, us-east1-c, us-east1-d",16.0,0,0.0,1.0,0.0,1.0,"AMD Milan",2.45,2.8,3.5,1.0,"AMD Milan",475405.0,1.45,308.0,64.0,"","",128.0,263168.0,0.0,32.0,0.0,1.0,34600.0,0.0,0.0,1.0,0.675936,0.405568,493.43328,310.85152,222.06016,296.06464,80.3,299.3,119.939,107.748,126.144,126.144,126.144,189.8,189.8,189.8,537.28
t2d-standard-2,t2d,General-purpose,"2 vCPUs, 8 GB RAM",us,us-east1,"South Carolina","Moncks Corner, South Carolina, USA",US,31.0,575.77,0.0,33.8361,-81.1637,1349888.0,3.0,"us-east1-b, us-east1-c, us-east1-d",2.0,0,0.0,1.0,0.0,1.0,"AMD Milan",2.45,2.8,3.5,1.0,"AMD Milan",59889.0,1.06,1840.0,8.0,"","",128.0,263168.0,0.0,10.0,0.0,1.0,4325.0,0.0,0.0,1.0,0.084492,0.050696,61.67916,38.85644,27.75752,37.00808,80.3,124.1,50.005,44.7198,21.024,21.024,21.024,32.85,32.85,32.85,67.16
t2d-standard-32,t2d,General-purpose,"32 vCPUs, 128 GB RAM",us,us-east1,"South Carolina","Moncks Corner, South Carolina, USA",US,31.0,575.77,0.0,33.8361,-81.1637,1349888.0,3.0,"us-east1-b, us-east1-c, us-east1-d",32.0,0,0.0,1.0,0.0,1.0,"AMD Milan",2.45,2.8,3.5,1.0,"AMD Milan",945524.0,1.88,160.0,128.0,"","",128.0,524288.0,0.0,32.0,0.0,1.0,69200.0,0.0,0.0,1.0,1.351872,0.811136,986.86656,621.70304,444.12032,592.12928,80.3,299.3,119.939,107.748,252.288,252.288,252.288,379.6,379.6,379.6,1074.56
t2d-standard-4,t2d,General-purpose,"4 vCPUs, 16 GB RAM",us,us-east1,"South Carolina","Moncks Corner, South Carolina, USA",US,31.0,575.77,0.0,33.8361,-81.1637,1349888.0,3.0,"us-east1-b, us-east1-c, us-east1-d",4.0,0,0.0,1.0,0.0,1.0,"AMD Milan",2.45,2.8,3.5,1.0,"AMD Milan",119587.0,0.98,1176.0,16.0,"","",128.0,263168.0,0.0,10.0,0.0,1.0,8650.0,0.0,0.0,1.0,0.168984,0.101392,123.35832,77.71288,55.51504,74.01616,80.3,248.2,100.01,89.425,42.048,42.048,42.048,65.7,65.7,65.7,134.32
t2d-standard-48,t2d,General-purpose,"48 vCPUs, 192 GB RAM",us,us-east1,"South Carolina","Moncks Corner, South Carolina, USA",US,31.0,575.77,0.0,33.8361,-81.1637,1349888.0,3.0,"us-east1-b, us-east1-c, us-east1-d",48.0,0,0.0,1.0,0.0,1.0,"AMD Milan",2.45,2.8,3.5,1.0,"AMD Milan",1395082.0,2.13,108.0,192.0,"","",128.0,524288.0,0.0,32.0,0.0,1.0,90064.0,0.0,0.0,1.0,2.027808,1.216704,1480.29984,932.55456,666.18048,888.19392,80.3,299.3,119.939,107.748,378.432,378.432,378.432,569.4,569.4,569.4,1611.84
t2d-standard-60,t2d,General-purpose,"60 vCPUs, 240 GB RAM",us,us-east1,"South Carolina","Moncks Corner, South Carolina, USA",US,31.0,575.77,0.0,33.8361,-81.1637,1349888.0,3.0,"us-east1-b, us-east1-c, us-east1-d",60.0,0,0.0,1.0,0.0,1.0,"AMD Milan",2.45,2.8,3.5,1.0,"AMD Milan",1667024.0,1.0,88.0,240.0,"","",128.0,524288.0,0.0,32.0,0.0,1.0,112580.0,0.0,0.0,1.0,2.53476,1.52088,1850.3748,1165.6932,832.7256,1110.2424,80.3,299.3,119.939,107.748,473.04,473.04,473.04,711.75,711.75,711.75,2014.8
t2d-standard-8,t2d,General-purpose,"8 vCPUs, 32 GB RAM",us,us-east1,"South Carolina","Moncks Corner, South Carolina, USA",US,31.0,575.77,0.0,33.8361,-81.1637,1349888.0,3.0,"us-east1-b, us-east1-c, us-east1-d",8.0,0,0.0,1.0,0.0,1.0,"AMD Milan",2.45,2.8,3.5,1.0,"AMD Milan",238534.0,1.06,596.0,32.0,"","",128.0,263168.0,0.0,16.0,0.0,1.0,17300.0,0.0,0.0,1.0,0.337968,0.202784,246.71664,155.42576,111.03008,148.03232,80.3,299.3,119.939,107.748,84.096,84.096,84.096,131.4,131.4,131.4,268.64
z3-highmem-14-standardlssd,z3,Storage-optimized,"14 vCPUs, 112 GB RAM, 1 Local SSDs",us,us-east1,"South Carolina","Moncks Corner, South Carolina, USA",US,31.0,575.77,0.0,33.8361,-81.1637,1349888.0,3.0,"us-east1-b, us-east1-c, us-east1-d",14.0,0,1.0,0.0,0.0,1.0,"Intel Sapphire Rapids",1.9,3.0,3.3,1.0,"Intel Sapphire Rapids","","","",112.0,"","",128.0,263168.0,3000.0,0.0,0.0,0.0,"",0.0,0.0,1.0,1.76930412328767,0.944132273972603,1291.59201,813.700258,581.217682,689.21656,80.3,299.3,119.939,107.748,110.376,110.376,110.376,166.075,166.075,166.075,470.12
z3-highmem-16-highlssd,z3,Storage-optimized,"16 vCPUs, 128 GB RAM, 2 Local SSDs",us,us-east1,"South Carolina","Moncks Corner, South Carolina, USA",US,31.0,575.77,0.0,33.8361,-81.1637,1349888.0,3.0,"us-east1-b, us-east1-c, us-east1-d",16.0,0,1.0,0.0,0.0,1.0,"Intel Sapphire Rapids",1.9,3.0,3.3,1.0,"Intel Sapphire Rapids","","","",128.0,"","",128.0,263168.0,6000.0,23.0,0.0,0.0,"",0.0,0.0,1.0,2.30386224657534,1.24808854794521,1681.81944,1059.543152,756.820208,911.10464,80.3,299.3,119.939,107.748,126.144,126.144,126.144,189.8,189.8,189.8,537.28
z3-highmem-176-standardlssd,z3,Storage-optimized,"176 vCPUs, 1408 GB RAM, 12 Local SSDs",us,us-east1,"South Carolina","Moncks Corner, South Carolina, USA",US,31.0,575.77,0.0,33.8361,-81.1637,1349888.0,3.0,"us-east1-b, us-east1-c, us-east1-d",176.0,0,1.0,0.0,0.0,1.0,"Intel Sapphire Rapids",1.9,3.0,3.3,1.0,"Intel Sapphire Rapids","","","",1408.0,"","",128.0,524288.0,36000.0,100.0,200.0,0.0,"",0.0,0.0,1.0,22.0548134794521,11.7563712876712,16100.01384,10142.974672,7245.022288,8582.15104,80.3,299.3,119.939,107.748,1233.408,1233.408,1233.408,1927.2,1927.2,1927.2,5910.08
z3-highmem-192-highlssd-metal,z3,Storage-optimized,"Storage Optimized Bare Metal: 192 vCPUs, 1.5 TB RAM",us,us-east1,"South Carolina","Moncks Corner, South Carolina, USA",US,31.0,575.77,0.0,33.8361,-81.1637,1349888.0,2.0,"us-east1-b, us-east1-c",192.0,0,1.0,0.0,0.0,1.0,"Intel Sapphire Rapids",1.9,3.0,3.3,1.0,"Intel Sapphire Rapids","","","",1536.0,"","",32.0,524288.0,72000.0,100.0,200.0,0.0,"",0.0,0.0,1.0,27.6463469589041,14.9770625753425,20181.83328,12714.517824,9081.842496,10933.25568,80.3,299.3,119.939,107.748,1345.536,1345.536,1345.536,2102.4,2102.4,2102.4,6447.36
z3-highmem-22-highlssd,z3,Storage-optimized,"22 vCPUs, 176 GB RAM, 3 Local SSDs",us,us-east1,"South Carolina","Moncks Corner, South Carolina, USA",US,31.0,575.77,0.0,33.8361,-81.1637,1349888.0,3.0,"us-east1-b, us-east1-c, us-east1-d",22.0,0,1.0,0.0,0.0,1.0,"Intel Sapphire Rapids",1.9,3.0,3.3,1.0,"Intel Sapphire Rapids","","","",176.0,"","",128.0,263168.0,9000.0,23.0,0.0,0.0,"",0.0,0.0,1.0,3.25000236986301,1.76543682191781,2372.50173,1494.671834,1067.627786,1288.76888,80.3,299.3,119.939,107.748,173.448,173.448,173.448,260.975,260.975,260.975,738.76
z3-highmem-22-standardlssd,z3,Storage-optimized,"22 vCPUs, 176 GB RAM, 2 Local SSDs",us,us-east1,"South Carolina","Moncks Corner, South Carolina, USA",US,31.0,575.77,0.0,33.8361,-81.1637,1349888.0,3.0,"us-east1-b, us-east1-c, us-east1-d",22.0,0,1.0,0.0,0.0,1.0,"Intel Sapphire Rapids",1.9,3.0,3.3,1.0,"Intel Sapphire Rapids","","","",176.0,"","",128.0,263168.0,6000.0,23.0,0.0,0.0,"",0.0,0.0,1.0,2.92123524657534,1.56817654794521,2132.50173,1343.471834,959.627786,1144.76888,80.3,299.3,119.939,107.748,173.448,173.448,173.448,260.975,260.975,260.975,738.76
z3-highmem-32-highlssd,z3,Storage-optimized,"32 vCPUs, 256 GB RAM, 4 Local SSDs",us,us-east1,"South Carolina","Moncks Corner, South Carolina, USA",US,31.0,575.77,0.0,33.8361,-81.1637,1349888.0,3.0,"us-east1-b, us-east1-c, us-east1-d",32.0,0,1.0,0.0,0.0,1.0,"Intel Sapphire Rapids",1.9,3.0,3.3,1.0,"Intel Sapphire Rapids","","","",256.0,"","",128.0,263168.0,12000.0,32.0,0.0,0.0,"",0.0,0.0,1.0,4.60772449315068,2.49617709589041,3363.63888,2119.086304,1513.640416,1822.20928,80.3,299.3,119.939,107.748,252.288,252.288,252.288,379.6,379.6,379.6,1074.56
z3-highmem-44-highlssd,z3,Storage-optimized,"44 vCPUs, 352 GB RAM, 6 Local SSDs",us,us-east1,"South Carolina","Moncks Corner, South Carolina, USA",US,31.0,575.77,0.0,33.8361,-81.1637,1349888.0,3.0,"us-east1-b, us-east1-c, us-east1-d",44.0,0,1.0,0.0,0.0,1.0,"Intel Sapphire Rapids",1.9,3.0,3.3,1.0,"Intel Sapphire Rapids","","","",352.0,"","",128.0,524288.0,18000.0,32.0,50.0,0.0,"",0.0,0.0,1.0,6.50000473972603,3.53087364383562,4745.00346,2989.343668,2135.255572,2577.53776,80.3,299.3,119.939,107.748,346.896,346.896,346.896,521.95,521.95,521.95,1477.52
z3-highmem-44-standardlssd,z3,Storage-optimized,"44 vCPUs, 352 GB RAM, 3 Local SSDs",us,us-east1,"South Carolina","Moncks Corner, South Carolina, USA",US,31.0,575.77,0.0,33.8361,-81.1637,1349888.0,3.0,"us-east1-b, us-east1-c, us-east1-d",44.0,0,1.0,0.0,0.0,1.0,"Intel Sapphire Rapids",1.9,3.0,3.3,1.0,"Intel Sapphire Rapids","","","",352.0,"","",128.0,524288.0,9000.0,32.0,50.0,0.0,"",0.0,0.0,1.0,5.51370336986301,2.93909282191781,4025.00346,2535.743668,1811.255572,2145.53776,80.3,299.3,119.939,107.748,346.896,346.896,346.896,521.95,521.95,521.95,1477.52
z3-highmem-8-highlssd,z3,Storage-optimized,"8 vCPUs, 64 GB RAM, 1 Local SSDs",us,us-east1,"South Carolina","Moncks Corner, South Carolina, USA",US,31.0,575.77,0.0,33.8361,-81.1637,1349888.0,3.0,"us-east1-b, us-east1-c, us-east1-d",8.0,0,1.0,0.0,0.0,1.0,"Intel Sapphire Rapids",1.9,3.0,3.3,1.0,"Intel Sapphire Rapids","","","",64.0,"","",128.0,263168.0,3000.0,23.0,0.0,0.0,"",0.0,0.0,1.0,1.15193112328767,0.624044273972603,840.90972,529.771576,378.410104,455.55232,80.3,299.3,119.939,107.748,84.096,84.096,84.096,131.4,131.4,131.4,268.64
z3-highmem-88-highlssd,z3,Storage-optimized,"88 vCPUs, 704 GB RAM, 12 Local SSDs",us,us-east1,"South Carolina","Moncks Corner, South Carolina, USA",US,31.0,575.77,0.0,33.8361,-81.1637,1349888.0,3.0,"us-east1-b, us-east1-c, us-east1-d",88.0,0,1.0,0.0,0.0,1.0,"Intel Sapphire Rapids",1.9,3.0,3.3,1.0,"Intel Sapphire Rapids","","","",704.0,"","",128.0,524288.0,36000.0,62.0,100.0,0.0,"",0.0,0.0,1.0,13.0000094794521,7.06174728767123,9490.00692,5978.687336,4270.511144,5155.07552,80.3,299.3,119.939,107.748,693.792,693.792,693.792,1043.9,1043.9,1043.9,2955.04
z3-highmem-88-standardlssd,z3,Storage-optimized,"88 vCPUs, 704 GB RAM, 6 Local SSDs",us,us-east1,"South Carolina","Moncks Corner, South Carolina, USA",US,31.0,575.77,0.0,33.8361,-81.1637,1349888.0,3.0,"us-east1-b, us-east1-c, us-east1-d",88.0,0,1.0,0.0,0.0,1.0,"Intel Sapphire Rapids",1.9,3.0,3.3,1.0,"Intel Sapphire Rapids","","","",704.0,"","",128.0,524288.0,18000.0,62.0,100.0,0.0,"",0.0,0.0,1.0,11.027406739726,5.87818564383562,8050.00692,5071.487336,3622.511144,4291.07552,80.3,299.3,119.939,107.748,693.792,693.792,693.792,1043.9,1043.9,1043.9,2955.04
